Time (s),Current (A),Voltage_Cell1 (V),Voltage_Cell2 (V),Voltage_Cell3 (V),Voltage_Cell4 (V),Voltage_Cell5 (V),Voltage_Cell6 (V),Resistance_Cell1 (Ohm),Resistance_Cell2 (Ohm),Resistance_Cell3 (Ohm),Resistance_Cell4 (Ohm),Resistance_Cell5 (Ohm),Resistance_Cell6 (Ohm),MovingAvg_Cell1 (Ohm),MovingAvg_Cell2 (Ohm),MovingAvg_Cell3 (Ohm),MovingAvg_Cell4 (Ohm),MovingAvg_Cell5 (Ohm),MovingAvg_Cell6 (Ohm)
0.0,0.009999999776482582,4.15500020980835,4.177000045776367,4.173999786376953,4.175000190734863,4.177000045776367,4.175000190734863,nan,nan,nan,nan,nan,nan,nan,nan,nan,nan,nan,nan
5.059361934661865,0.009999999776482582,4.15500020980835,4.177000045776367,4.173999786376953,4.175000190734863,4.177999973297119,4.175000190734863,nan,nan,nan,nan,nan,nan,nan,nan,nan,nan,nan,nan
10.121699333190918,0.009999999776482582,4.15500020980835,4.177000045776367,4.173999786376953,4.175000190734863,4.177999973297119,4.175000190734863,nan,nan,nan,nan,nan,nan,nan,nan,nan,nan,nan,nan
15.180917263031006,0.009999999776482582,4.15500020980835,4.177000045776367,4.173999786376953,4.175000190734863,4.177000045776367,4.175000190734863,nan,nan,nan,nan,nan,nan,nan,nan,nan,nan,nan,nan
20.24074625968933,0.0,4.15500020980835,4.177000045776367,4.173999786376953,4.175000190734863,4.177000045776367,4.175000190734863,nan,nan,nan,nan,nan,nan,nan,nan,nan,nan,nan,nan
25.29969072341919,0.009999999776482582,4.15500020980835,4.177000045776367,4.173999786376953,4.175000190734863,4.177000045776367,4.175000190734863,nan,nan,nan,nan,nan,nan,nan,nan,nan,nan,nan,nan
30.35998511314392,0.009999999776482582,4.15500020980835,4.177000045776367,4.173999786376953,4.175000190734863,4.177999973297119,4.175000190734863,nan,nan,nan,nan,nan,nan,nan,nan,nan,nan,nan,nan
35.44024586677551,0.009999999776482582,4.15500020980835,4.177000045776367,4.173999786376953,4.175000190734863,4.177999973297119,4.175000190734863,nan,nan,nan,nan,nan,nan,nan,nan,nan,nan,nan,nan
39.55771803855896,-17.399999618530273,4.099999904632568,4.120999813079834,4.117000102996826,4.118000030517578,4.120999813079834,4.116000175476074,0.0031591215612634467,0.0032165556533182518,0.0032739623566787057,0.003273989745373057,0.003273989745373057,0.0033888579294826674,0.0031591215612634467,0.0032165556533182518,0.0032739623566787057,0.003273989745373057,0.003273989745373057,0.0033888579294826674
39.71735978126526,-17.3799991607666,4.098999977111816,4.119999885559082,4.116000175476074,4.117000102996826,4.119999885559082,4.114999771118164,nan,nan,nan,nan,nan,nan,0.0031591215612634467,0.0032165556533182518,0.0032739623566787057,0.003273989745373057,0.003273989745373057,0.0033888579294826674
39.89778113365173,-17.3700008392334,4.0980000495910645,4.11899995803833,4.114999771118164,4.116000175476074,4.11899995803833,4.113999843597412,nan,nan,nan,nan,nan,nan,0.0031591215612634467,0.0032165556533182518,0.0032739623566787057,0.003273989745373057,0.003273989745373057,0.0033888579294826674
40.07817459106445,-17.360000610351562,4.0970001220703125,4.117000102996826,4.113999843597412,4.114999771118164,4.118000030517578,4.11299991607666,nan,nan,nan,nan,nan,nan,0.0031591215612634467,0.0032165556533182518,0.0032739623566787057,0.003273989745373057,0.003273989745373057,0.0033888579294826674
40.23929715156555,-17.350000381469727,4.09499979019165,4.116000175476074,4.11299991607666,4.113999843597412,4.117000102996826,4.111000061035156,nan,nan,nan,nan,nan,nan,0.0031591215612634467,0.0032165556533182518,0.0032739623566787057,0.003273989745373057,0.003273989745373057,0.0033888579294826674
40.41852927207947,-17.3700008392334,4.093999862670898,4.114999771118164,4.111999988555908,4.111999988555908,4.116000175476074,4.111000061035156,nan,nan,nan,nan,nan,nan,0.0031591215612634467,0.0032165556533182518,0.0032739623566787057,0.003273989745373057,0.003273989745373057,0.0033888579294826674
40.59691786766052,-17.350000381469727,4.0929999351501465,4.114999771118164,4.111000061035156,4.111000061035156,4.114999771118164,4.109000205993652,nan,nan,nan,nan,nan,nan,0.0031591215612634467,0.0032165556533182518,0.0032739623566787057,0.003273989745373057,0.003273989745373057,0.0033888579294826674
40.75824046134949,-17.350000381469727,4.0920000076293945,4.11299991607666,4.110000133514404,4.110000133514404,4.113999843597412,4.107999801635742,nan,nan,nan,nan,nan,nan,0.0031591215612634467,0.0032165556533182518,0.0032739623566787057,0.003273989745373057,0.003273989745373057,0.0033888579294826674
40.936980962753296,-17.350000381469727,4.091000080108643,4.111999988555908,4.109000205993652,4.109000205993652,4.111999988555908,4.10699987411499,nan,nan,nan,nan,nan,nan,0.0031591215612634467,0.0032165556533182518,0.0032739623566787057,0.003273989745373057,0.003273989745373057,0.0033888579294826674
41.09644913673401,-17.350000381469727,4.090000152587891,4.111999988555908,4.107999801635742,4.109000205993652,4.111999988555908,4.105999946594238,nan,nan,nan,nan,nan,nan,0.0031591215612634467,0.0032165556533182518,0.0032739623566787057,0.003273989745373057,0.003273989745373057,0.0033888579294826674
41.27711057662964,-17.34000015258789,4.089000225067139,4.110000133514404,4.10699987411499,4.107999801635742,4.111000061035156,4.105999946594238,nan,nan,nan,nan,nan,nan,0.0031591215612634467,0.0032165556533182518,0.0032739623566787057,0.003273989745373057,0.003273989745373057,0.0033888579294826674
41.45756793022156,-17.350000381469727,4.089000225067139,4.110000133514404,4.105999946594238,4.10699987411499,4.110000133514404,4.105000019073486,nan,nan,nan,nan,nan,nan,0.0031591215612634467,0.0032165556533182518,0.0032739623566787057,0.003273989745373057,0.003273989745373057,0.0033888579294826674
41.61853647232056,-17.329999923706055,4.0879998207092285,4.109000205993652,4.105000019073486,4.105999946594238,4.109000205993652,4.104000091552734,nan,nan,nan,nan,nan,nan,0.0031591215612634467,0.0032165556533182518,0.0032739623566787057,0.003273989745373057,0.003273989745373057,0.0033888579294826674
41.79767656326294,-17.309999465942383,4.086999893188477,4.107999801635742,4.104000091552734,4.105000019073486,4.107999801635742,4.103000164031982,nan,nan,nan,nan,nan,nan,0.0031591215612634467,0.0032165556533182518,0.0032739623566787057,0.003273989745373057,0.003273989745373057,0.0033888579294826674
41.977689266204834,-17.309999465942383,4.085999965667725,4.10699987411499,4.103000164031982,4.104000091552734,4.10699987411499,4.1020002365112305,nan,nan,nan,nan,nan,nan,0.0031591215612634467,0.0032165556533182518,0.0032739623566787057,0.003273989745373057,0.003273989745373057,0.0033888579294826674
42.13737392425537,-17.31999969482422,4.085000038146973,4.105999946594238,4.103000164031982,4.103000164031982,4.105999946594238,4.10099983215332,nan,nan,nan,nan,nan,nan,0.0031591215612634467,0.0032165556533182518,0.0032739623566787057,0.003273989745373057,0.003273989745373057,0.0033888579294826674
42.31774830818176,-17.31999969482422,4.085000038146973,4.105000019073486,4.1020002365112305,4.103000164031982,4.105999946594238,4.10099983215332,nan,nan,nan,nan,nan,nan,0.0031591215612634467,0.0032165556533182518,0.0032739623566787057,0.003273989745373057,0.003273989745373057,0.0033888579294826674
42.477498054504395,-17.309999465942383,4.083000183105469,4.105000019073486,4.10099983215332,4.1020002365112305,4.105000019073486,4.099999904632568,nan,nan,nan,nan,nan,nan,0.0031591215612634467,0.0032165556533182518,0.0032739623566787057,0.003273989745373057,0.003273989745373057,0.0033888579294826674
42.65776991844177,-17.290000915527344,4.083000183105469,4.104000091552734,4.099999904632568,4.10099983215332,4.104000091552734,4.098999977111816,nan,nan,nan,nan,nan,nan,0.0031591215612634467,0.0032165556533182518,0.0032739623566787057,0.003273989745373057,0.003273989745373057,0.0033888579294826674
42.838069915771484,-17.309999465942383,4.081999778747559,4.103000164031982,4.099999904632568,4.099999904632568,4.104000091552734,4.0980000495910645,nan,nan,nan,nan,nan,nan,0.0031591215612634467,0.0032165556533182518,0.0032739623566787057,0.003273989745373057,0.003273989745373057,0.0033888579294826674
42.99741721153259,0.0,4.081999778747559,4.103000164031982,4.098999977111816,4.099999904632568,4.103000164031982,4.0970001220703125,nan,nan,nan,nan,nan,nan,0.0031591215612634467,0.0032165556533182518,0.0032739623566787057,0.003273989745373057,0.003273989745373057,0.0033888579294826674
43.1795916557312,0.0,4.127999782562256,4.150000095367432,4.146999835968018,4.1479997634887695,4.150000095367432,4.146999835968018,nan,nan,nan,nan,nan,nan,0.0031591215612634467,0.0032165556533182518,0.0032739623566787057,0.003273989745373057,0.003273989745373057,0.0033888579294826674
43.33740496635437,-0.009999999776482582,4.130000114440918,4.151000022888184,4.1479997634887695,4.14900016784668,4.1519999504089355,4.1479997634887695,nan,nan,nan,nan,nan,nan,0.0031591215612634467,0.0032165556533182518,0.0032739623566787057,0.003273989745373057,0.003273989745373057,0.0033888579294826674
43.517844915390015,0.0,4.130000114440918,4.1519999504089355,4.14900016784668,4.150000095367432,4.1529998779296875,4.14900016784668,nan,nan,nan,nan,nan,nan,0.0031591215612634467,0.0032165556533182518,0.0032739623566787057,0.003273989745373057,0.003273989745373057,0.0033888579294826674
43.69805145263672,-0.009999999776482582,4.13100004196167,4.1529998779296875,4.150000095367432,4.151000022888184,4.1529998779296875,4.150000095367432,nan,nan,nan,nan,nan,nan,0.0031591215612634467,0.0032165556533182518,0.0032739623566787057,0.003273989745373057,0.003273989745373057,0.0033888579294826674
43.857696294784546,0.009999999776482582,4.131999969482422,4.1539998054504395,4.150000095367432,4.1519999504089355,4.1539998054504395,4.151000022888184,nan,nan,nan,nan,nan,nan,0.0031591215612634467,0.0032165556533182518,0.0032739623566787057,0.003273989745373057,0.003273989745373057,0.0033888579294826674
44.03836631774902,0.0,4.131999969482422,4.1539998054504395,4.151000022888184,4.1519999504089355,4.15500020980835,4.1519999504089355,nan,nan,nan,nan,nan,nan,0.0031591215612634467,0.0032165556533182518,0.0032739623566787057,0.003273989745373057,0.003273989745373057,0.0033888579294826674
44.2172429561615,0.0,4.132999897003174,4.15500020980835,4.1519999504089355,4.1529998779296875,4.15500020980835,4.1519999504089355,nan,nan,nan,nan,nan,nan,0.0031591215612634467,0.0032165556533182518,0.0032739623566787057,0.003273989745373057,0.003273989745373057,0.0033888579294826674
44.37810397148132,0.0,4.133999824523926,4.156000137329102,4.1519999504089355,4.1529998779296875,4.156000137329102,4.1529998779296875,nan,nan,nan,nan,nan,nan,0.0031591215612634467,0.0032165556533182518,0.0032739623566787057,0.003273989745373057,0.003273989745373057,0.0033888579294826674
44.558555126190186,0.0,4.133999824523926,4.156000137329102,4.1529998779296875,4.1539998054504395,4.156000137329102,4.1529998779296875,nan,nan,nan,nan,nan,nan,0.0031591215612634467,0.0032165556533182518,0.0032739623566787057,0.003273989745373057,0.003273989745373057,0.0033888579294826674
44.71806192398071,0.0,4.133999824523926,4.1570000648498535,4.1529998779296875,4.1539998054504395,4.1570000648498535,4.1529998779296875,nan,nan,nan,nan,nan,nan,0.0031591215612634467,0.0032165556533182518,0.0032739623566787057,0.003273989745373057,0.003273989745373057,0.0033888579294826674
44.89858412742615,0.0,4.135000228881836,4.1570000648498535,4.1539998054504395,4.15500020980835,4.1570000648498535,4.1539998054504395,nan,nan,nan,nan,nan,nan,0.0031591215612634467,0.0032165556533182518,0.0032739623566787057,0.003273989745373057,0.003273989745373057,0.0033888579294826674
45.077134132385254,-0.009999999776482582,4.135000228881836,4.1579999923706055,4.1539998054504395,4.156000137329102,4.1579999923706055,4.1539998054504395,nan,nan,nan,nan,nan,nan,0.0031591215612634467,0.0032165556533182518,0.0032739623566787057,0.003273989745373057,0.003273989745373057,0.0033888579294826674
45.238165616989136,0.0,4.136000156402588,4.1579999923706055,4.15500020980835,4.156000137329102,4.1579999923706055,4.15500020980835,nan,nan,nan,nan,nan,nan,0.0031591215612634467,0.0032165556533182518,0.0032739623566787057,0.003273989745373057,0.003273989745373057,0.0033888579294826674
45.4170503616333,0.0,4.136000156402588,4.158999919891357,4.15500020980835,4.156000137329102,4.158999919891357,4.15500020980835,nan,nan,nan,nan,nan,nan,0.0031591215612634467,0.0032165556533182518,0.0032739623566787057,0.003273989745373057,0.003273989745373057,0.0033888579294826674
45.598814249038696,0.0,4.13700008392334,4.158999919891357,4.15500020980835,4.1570000648498535,4.158999919891357,4.15500020980835,nan,nan,nan,nan,nan,nan,0.0031591215612634467,0.0032165556533182518,0.0032739623566787057,0.003273989745373057,0.003273989745373057,0.0033888579294826674
45.75849771499634,0.009999999776482582,4.13700008392334,4.158999919891357,4.156000137329102,4.1570000648498535,4.159999847412109,4.156000137329102,nan,nan,nan,nan,nan,nan,0.0031591215612634467,0.0032165556533182518,0.0032739623566787057,0.003273989745373057,0.003273989745373057,0.0033888579294826674
45.937490701675415,0.0,4.13700008392334,4.158999919891357,4.156000137329102,4.1570000648498535,4.159999847412109,4.156000137329102,nan,nan,nan,nan,nan,nan,0.0031591215612634467,0.0032165556533182518,0.0032739623566787057,0.003273989745373057,0.003273989745373057,0.0033888579294826674
46.096938371658325,0.0,4.138000011444092,4.159999847412109,4.1570000648498535,4.1579999923706055,4.159999847412109,4.1570000648498535,nan,nan,nan,nan,nan,nan,0.0031591215612634467,0.0032165556533182518,0.0032739623566787057,0.003273989745373057,0.003273989745373057,0.0033888579294826674
46.277382135391235,0.009999999776482582,4.138000011444092,4.159999847412109,4.1570000648498535,4.1579999923706055,4.160999774932861,4.1570000648498535,nan,nan,nan,nan,nan,nan,0.0031591215612634467,0.0032165556533182518,0.0032739623566787057,0.003273989745373057,0.003273989745373057,0.0033888579294826674
46.45760726928711,0.009999999776482582,4.138000011444092,4.159999847412109,4.1570000648498535,4.158999919891357,4.160999774932861,4.1570000648498535,nan,nan,nan,nan,nan,nan,0.0031591215612634467,0.0032165556533182518,0.0032739623566787057,0.003273989745373057,0.003273989745373057,0.0033888579294826674
46.617319107055664,-0.009999999776482582,4.138999938964844,4.160999774932861,4.1579999923706055,4.1579999923706055,4.160999774932861,4.1579999923706055,nan,nan,nan,nan,nan,nan,0.0031591215612634467,0.0032165556533182518,0.0032739623566787057,0.003273989745373057,0.003273989745373057,0.0033888579294826674
46.797550439834595,0.0,4.138999938964844,4.160999774932861,4.1579999923706055,4.158999919891357,4.160999774932861,4.1579999923706055,nan,nan,nan,nan,nan,nan,0.0031591215612634467,0.0032165556533182518,0.0032739623566787057,0.003273989745373057,0.003273989745373057,0.0033888579294826674
46.957364320755005,0.009999999776482582,4.138999938964844,4.160999774932861,4.1579999923706055,4.158999919891357,4.1620001792907715,4.158999919891357,nan,nan,nan,nan,nan,nan,0.0031591215612634467,0.0032165556533182518,0.0032739623566787057,0.003273989745373057,0.003273989745373057,0.0033888579294826674
47.13972353935242,-0.009999999776482582,4.138999938964844,4.1620001792907715,4.1579999923706055,4.159999847412109,4.1620001792907715,4.158999919891357,nan,nan,nan,nan,nan,nan,0.0031591215612634467,0.0032165556533182518,0.0032739623566787057,0.003273989745373057,0.003273989745373057,0.0033888579294826674
47.316781520843506,-0.009999999776482582,4.139999866485596,4.1620001792907715,4.1579999923706055,4.159999847412109,4.1620001792907715,4.158999919891357,nan,nan,nan,nan,nan,nan,0.0031591215612634467,0.0032165556533182518,0.0032739623566787057,0.003273989745373057,0.003273989745373057,0.0033888579294826674
47.4778687953949,0.009999999776482582,4.139999866485596,4.1620001792907715,4.158999919891357,4.159999847412109,4.1620001792907715,4.158999919891357,nan,nan,nan,nan,nan,nan,0.0031591215612634467,0.0032165556533182518,0.0032739623566787057,0.003273989745373057,0.003273989745373057,0.0033888579294826674
47.65822410583496,0.0,4.139999866485596,4.1620001792907715,4.158999919891357,4.159999847412109,4.163000106811523,4.158999919891357,nan,nan,nan,nan,nan,nan,0.0031591215612634467,0.0032165556533182518,0.0032739623566787057,0.003273989745373057,0.003273989745373057,0.0033888579294826674
47.83719825744629,0.009999999776482582,4.139999866485596,4.163000106811523,4.158999919891357,4.159999847412109,4.163000106811523,4.159999847412109,nan,nan,nan,nan,nan,nan,0.0031591215612634467,0.0032165556533182518,0.0032739623566787057,0.003273989745373057,0.003273989745373057,0.0033888579294826674
47.998252868652344,0.009999999776482582,4.140999794006348,4.163000106811523,4.158999919891357,4.160999774932861,4.163000106811523,4.159999847412109,nan,nan,nan,nan,nan,nan,0.0031591215612634467,0.0032165556533182518,0.0032739623566787057,0.003273989745373057,0.003273989745373057,0.0033888579294826674
48.17733430862427,0.009999999776482582,4.140999794006348,4.163000106811523,4.159999847412109,4.160999774932861,4.163000106811523,4.159999847412109,nan,nan,nan,nan,nan,nan,0.0031591215612634467,0.0032165556533182518,0.0032739623566787057,0.003273989745373057,0.003273989745373057,0.0033888579294826674
48.33658576011658,0.0,4.140999794006348,4.163000106811523,4.159999847412109,4.160999774932861,4.163000106811523,4.159999847412109,nan,nan,nan,nan,nan,nan,0.0031591215612634467,0.0032165556533182518,0.0032739623566787057,0.003273989745373057,0.003273989745373057,0.0033888579294826674
48.51697015762329,0.0,4.140999794006348,4.163000106811523,4.159999847412109,4.160999774932861,4.164000034332275,4.159999847412109,nan,nan,nan,nan,nan,nan,0.0031591215612634467,0.0032165556533182518,0.0032739623566787057,0.003273989745373057,0.003273989745373057,0.0033888579294826674
48.69772815704346,0.0,4.142000198364258,4.164000034332275,4.159999847412109,4.160999774932861,4.164000034332275,4.160999774932861,nan,nan,nan,nan,nan,nan,0.0031591215612634467,0.0032165556533182518,0.0032739623566787057,0.003273989745373057,0.003273989745373057,0.0033888579294826674
48.85712265968323,0.009999999776482582,4.142000198364258,4.164000034332275,4.159999847412109,4.160999774932861,4.164000034332275,4.160999774932861,nan,nan,nan,nan,nan,nan,0.0031591215612634467,0.0032165556533182518,0.0032739623566787057,0.003273989745373057,0.003273989745373057,0.0033888579294826674
49.03771710395813,-0.009999999776482582,4.142000198364258,4.164000034332275,4.160999774932861,4.1620001792907715,4.164000034332275,4.160999774932861,nan,nan,nan,nan,nan,nan,0.0031591215612634467,0.0032165556533182518,0.0032739623566787057,0.003273989745373057,0.003273989745373057,0.0033888579294826674
49.21803426742554,0.009999999776482582,4.142000198364258,4.164000034332275,4.160999774932861,4.1620001792907715,4.164999961853027,4.160999774932861,nan,nan,nan,nan,nan,nan,0.0031591215612634467,0.0032165556533182518,0.0032739623566787057,0.003273989745373057,0.003273989745373057,0.0033888579294826674
49.37792348861694,0.009999999776482582,4.142000198364258,4.164000034332275,4.160999774932861,4.1620001792907715,4.164999961853027,4.1620001792907715,nan,nan,nan,nan,nan,nan,0.0031591215612634467,0.0032165556533182518,0.0032739623566787057,0.003273989745373057,0.003273989745373057,0.0033888579294826674
49.459237575531006,0.009999999776482582,4.142000198364258,4.164000034332275,4.160999774932861,4.1620001792907715,4.164999961853027,4.160999774932861,nan,nan,nan,nan,nan,nan,0.0031591215612634467,0.0032165556533182518,0.0032739623566787057,0.003273989745373057,0.003273989745373057,0.0033888579294826674
54.520100116729736,0.009999999776482582,4.144999980926514,4.168000221252441,4.164000034332275,4.165999889373779,4.168000221252441,4.164999961853027,nan,nan,nan,nan,nan,nan,0.0031591215612634467,0.0032165556533182518,0.0032739623566787057,0.003273989745373057,0.003273989745373057,0.0033888579294826674
59.57908034324646,0.0,4.1479997634887695,4.169000148773193,4.165999889373779,4.166999816894531,4.170000076293945,4.166999816894531,nan,nan,nan,nan,nan,nan,0.0031591215612634467,0.0032165556533182518,0.0032739623566787057,0.003273989745373057,0.003273989745373057,0.0033888579294826674
63.69840717315674,-17.420000076293945,4.098999977111816,4.119999885559082,4.116000175476074,4.117000102996826,4.119999885559082,4.114999771118164,0.002812846507597587,0.0028128738805686614,0.0028702476279404456,0.0028702476279404456,0.00287027500091152,0.002985077241597237,0.002985984034430517,0.0030147147669434566,0.0030721049923095756,0.003072118686656751,0.0030721323731422883,0.003186967585539952
63.8771390914917,-17.389999389648438,4.0970001220703125,4.118000030517578,4.114999771118164,4.114999771118164,4.11899995803833,4.113999843597412,nan,nan,nan,nan,nan,nan,0.002985984034430517,0.0030147147669434566,0.0030721049923095756,0.003072118686656751,0.0030721323731422883,0.003186967585539952
64.03831887245178,-17.3799991607666,4.0960001945495605,4.117000102996826,4.113999843597412,4.114999771118164,4.117000102996826,4.111999988555908,nan,nan,nan,nan,nan,nan,0.002985984034430517,0.0030147147669434566,0.0030721049923095756,0.003072118686656751,0.0030721323731422883,0.003186967585539952
64.21719765663147,-17.350000381469727,4.09499979019165,4.116000175476074,4.111999988555908,4.11299991607666,4.116000175476074,4.111000061035156,nan,nan,nan,nan,nan,nan,0.002985984034430517,0.0030147147669434566,0.0030721049923095756,0.003072118686656751,0.0030721323731422883,0.003186967585539952
64.39910960197449,-17.3700008392334,4.0929999351501465,4.113999843597412,4.111000061035156,4.111999988555908,4.114999771118164,4.109000205993652,nan,nan,nan,nan,nan,nan,0.002985984034430517,0.0030147147669434566,0.0030721049923095756,0.003072118686656751,0.0030721323731422883,0.003186967585539952
64.55847835540771,-17.3700008392334,4.0920000076293945,4.11299991607666,4.109000205993652,4.110000133514404,4.113999843597412,4.107999801635742,nan,nan,nan,nan,nan,nan,0.002985984034430517,0.0030147147669434566,0.0030721049923095756,0.003072118686656751,0.0030721323731422883,0.003186967585539952
64.73732781410217,-17.3700008392334,4.091000080108643,4.111999988555908,4.107999801635742,4.109000205993652,4.111999988555908,4.10699987411499,nan,nan,nan,nan,nan,nan,0.002985984034430517,0.0030147147669434566,0.0030721049923095756,0.003072118686656751,0.0030721323731422883,0.003186967585539952
64.91765069961548,-17.350000381469727,4.090000152587891,4.111000061035156,4.10699987411499,4.107999801635742,4.111000061035156,4.105999946594238,nan,nan,nan,nan,nan,nan,0.002985984034430517,0.0030147147669434566,0.0030721049923095756,0.003072118686656751,0.0030721323731422883,0.003186967585539952
65.07734417915344,-17.360000610351562,4.089000225067139,4.110000133514404,4.105999946594238,4.10699987411499,4.110000133514404,4.105000019073486,nan,nan,nan,nan,nan,nan,0.002985984034430517,0.0030147147669434566,0.0030721049923095756,0.003072118686656751,0.0030721323731422883,0.003186967585539952
65.25783061981201,-17.34000015258789,4.0879998207092285,4.109000205993652,4.105000019073486,4.105999946594238,4.109000205993652,4.104000091552734,nan,nan,nan,nan,nan,nan,0.002985984034430517,0.0030147147669434566,0.0030721049923095756,0.003072118686656751,0.0030721323731422883,0.003186967585539952
65.41746592521667,-17.34000015258789,4.086999893188477,4.107999801635742,4.104000091552734,4.105000019073486,4.107999801635742,4.103000164031982,nan,nan,nan,nan,nan,nan,0.002985984034430517,0.0030147147669434566,0.0030721049923095756,0.003072118686656751,0.0030721323731422883,0.003186967585539952
65.5974543094635,-17.34000015258789,4.085999965667725,4.10699987411499,4.103000164031982,4.104000091552734,4.10699987411499,4.1020002365112305,nan,nan,nan,nan,nan,nan,0.002985984034430517,0.0030147147669434566,0.0030721049923095756,0.003072118686656751,0.0030721323731422883,0.003186967585539952
65.77798795700073,-17.329999923706055,4.085000038146973,4.105999946594238,4.1020002365112305,4.103000164031982,4.105999946594238,4.10099983215332,nan,nan,nan,nan,nan,nan,0.002985984034430517,0.0030147147669434566,0.0030721049923095756,0.003072118686656751,0.0030721323731422883,0.003186967585539952
65.93762016296387,-17.31999969482422,4.084000110626221,4.105000019073486,4.10099983215332,4.1020002365112305,4.105000019073486,4.099999904632568,nan,nan,nan,nan,nan,nan,0.002985984034430517,0.0030147147669434566,0.0030721049923095756,0.003072118686656751,0.0030721323731422883,0.003186967585539952
66.1180682182312,-17.309999465942383,4.083000183105469,4.104000091552734,4.099999904632568,4.10099983215332,4.104000091552734,4.098999977111816,nan,nan,nan,nan,nan,nan,0.002985984034430517,0.0030147147669434566,0.0030721049923095756,0.003072118686656751,0.0030721323731422883,0.003186967585539952
66.27752161026001,-17.309999465942383,4.081999778747559,4.104000091552734,4.099999904632568,4.10099983215332,4.104000091552734,4.0980000495910645,nan,nan,nan,nan,nan,nan,0.002985984034430517,0.0030147147669434566,0.0030721049923095756,0.003072118686656751,0.0030721323731422883,0.003186967585539952
66.45820498466492,-17.299999237060547,4.080999851226807,4.103000164031982,4.098999977111816,4.098999977111816,4.103000164031982,4.0970001220703125,nan,nan,nan,nan,nan,nan,0.002985984034430517,0.0030147147669434566,0.0030721049923095756,0.003072118686656751,0.0030721323731422883,0.003186967585539952
66.63707280158997,-17.31999969482422,4.080999851226807,4.1020002365112305,4.0980000495910645,4.098999977111816,4.1020002365112305,4.0960001945495605,nan,nan,nan,nan,nan,nan,0.002985984034430517,0.0030147147669434566,0.0030721049923095756,0.003072118686656751,0.0030721323731422883,0.003186967585539952
66.79811191558838,-17.299999237060547,4.079999923706055,4.10099983215332,4.0970001220703125,4.0980000495910645,4.10099983215332,4.0960001945495605,nan,nan,nan,nan,nan,nan,0.002985984034430517,0.0030147147669434566,0.0030721049923095756,0.003072118686656751,0.0030721323731422883,0.003186967585539952
66.97850680351257,-17.290000915527344,4.078999996185303,4.099999904632568,4.0960001945495605,4.0970001220703125,4.099999904632568,4.09499979019165,nan,nan,nan,nan,nan,nan,0.002985984034430517,0.0030147147669434566,0.0030721049923095756,0.003072118686656751,0.0030721323731422883,0.003186967585539952
67.15734910964966,-17.280000686645508,4.078000068664551,4.098999977111816,4.09499979019165,4.0960001945495605,4.099999904632568,4.093999862670898,nan,nan,nan,nan,nan,nan,0.002985984034430517,0.0030147147669434566,0.0030721049923095756,0.003072118686656751,0.0030721323731422883,0.003186967585539952
67.31704783439636,-17.290000915527344,4.078000068664551,4.098999977111816,4.09499979019165,4.0960001945495605,4.098999977111816,4.0929999351501465,nan,nan,nan,nan,nan,nan,0.002985984034430517,0.0030147147669434566,0.0030721049923095756,0.003072118686656751,0.0030721323731422883,0.003186967585539952
67.49740505218506,-17.290000915527344,4.077000141143799,4.0980000495910645,4.093999862670898,4.09499979019165,4.0980000495910645,4.0929999351501465,nan,nan,nan,nan,nan,nan,0.002985984034430517,0.0030147147669434566,0.0030721049923095756,0.003072118686656751,0.0030721323731422883,0.003186967585539952
67.65840220451355,-17.280000686645508,4.076000213623047,4.0970001220703125,4.093999862670898,4.09499979019165,4.0970001220703125,4.0920000076293945,nan,nan,nan,nan,nan,nan,0.002985984034430517,0.0030147147669434566,0.0030721049923095756,0.003072118686656751,0.0030721323731422883,0.003186967585539952
67.8388614654541,-17.290000915527344,4.076000213623047,4.0960001945495605,4.0929999351501465,4.093999862670898,4.0970001220703125,4.091000080108643,nan,nan,nan,nan,nan,nan,0.002985984034430517,0.0030147147669434566,0.0030721049923095756,0.003072118686656751,0.0030721323731422883,0.003186967585539952
68.01759338378906,0.009999999776482582,4.074999809265137,4.0960001945495605,4.0920000076293945,4.0929999351501465,4.0960001945495605,4.090000152587891,nan,nan,nan,nan,nan,nan,0.002985984034430517,0.0030147147669434566,0.0030721049923095756,0.003072118686656751,0.0030721323731422883,0.003186967585539952
68.1775393486023,0.0,4.122000217437744,4.14300012588501,4.139999866485596,4.140999794006348,4.144000053405762,4.139999866485596,4.700040922314844,4.6999932385979575,4.799985992908165,4.799985992908165,4.799985992908165,4.99997150152858,2.3514268844112207,2.351403056239263,2.4014281202680525,2.4014281202680525,2.4014281339545382,2.5014782893850884
68.35762333869934,-0.009999999776482582,4.123000144958496,4.144000053405762,4.140999794006348,4.142000198364258,4.144999980926514,4.140999794006348,nan,nan,nan,nan,nan,nan,2.3514268844112207,2.351403056239263,2.4014281202680525,2.4014281202680525,2.4014281339545382,2.5014782893850884
68.53768181800842,-0.009999999776482582,4.124000072479248,4.144999980926514,4.142000198364258,4.14300012588501,4.145999908447266,4.142000198364258,nan,nan,nan,nan,nan,nan,2.3514268844112207,2.351403056239263,2.4014281202680525,2.4014281202680525,2.4014281339545382,2.5014782893850884
68.69731569290161,0.009999999776482582,4.124000072479248,4.146999835968018,4.14300012588501,4.144000053405762,4.146999835968018,4.14300012588501,nan,nan,nan,nan,nan,nan,2.3514268844112207,2.351403056239263,2.4014281202680525,2.4014281202680525,2.4014281339545382,2.5014782893850884
68.8778064250946,0.009999999776482582,4.125,4.146999835968018,4.144000053405762,4.144999980926514,4.1479997634887695,4.144000053405762,nan,nan,nan,nan,nan,nan,2.3514268844112207,2.351403056239263,2.4014281202680525,2.4014281202680525,2.4014281339545382,2.5014782893850884
69.03716039657593,0.0,4.125,4.1479997634887695,4.144000053405762,4.145999908447266,4.1479997634887695,4.144999980926514,nan,nan,nan,nan,nan,nan,2.3514268844112207,2.351403056239263,2.4014281202680525,2.4014281202680525,2.4014281339545382,2.5014782893850884
69.21755146980286,0.0,4.125999927520752,4.1479997634887695,4.144999980926514,4.145999908447266,4.1479997634887695,4.144999980926514,nan,nan,nan,nan,nan,nan,2.3514268844112207,2.351403056239263,2.4014281202680525,2.4014281202680525,2.4014281339545382,2.5014782893850884
69.39794683456421,-0.009999999776482582,4.126999855041504,4.14900016784668,4.145999908447266,4.146999835968018,4.14900016784668,4.145999908447266,nan,nan,nan,nan,nan,nan,2.3514268844112207,2.351403056239263,2.4014281202680525,2.4014281202680525,2.4014281339545382,2.5014782893850884
69.55770778656006,0.0,4.126999855041504,4.150000095367432,4.145999908447266,4.146999835968018,4.150000095367432,4.145999908447266,nan,nan,nan,nan,nan,nan,2.3514268844112207,2.351403056239263,2.4014281202680525,2.4014281202680525,2.4014281339545382,2.5014782893850884
69.73802089691162,-0.019999999552965164,4.127999782562256,4.150000095367432,4.146999835968018,4.1479997634887695,4.150000095367432,4.146999835968018,nan,nan,nan,nan,nan,nan,2.3514268844112207,2.351403056239263,2.4014281202680525,2.4014281202680525,2.4014281339545382,2.5014782893850884
69.89759230613708,0.009999999776482582,4.129000186920166,4.150000095367432,4.146999835968018,4.1479997634887695,4.151000022888184,4.1479997634887695,nan,nan,nan,nan,nan,nan,2.3514268844112207,2.351403056239263,2.4014281202680525,2.4014281202680525,2.4014281339545382,2.5014782893850884
70.07814168930054,0.009999999776482582,4.129000186920166,4.151000022888184,4.1479997634887695,4.14900016784668,4.151000022888184,4.1479997634887695,nan,nan,nan,nan,nan,nan,2.3514268844112207,2.351403056239263,2.4014281202680525,2.4014281202680525,2.4014281339545382,2.5014782893850884
70.25854921340942,0.009999999776482582,4.129000186920166,4.1519999504089355,4.1479997634887695,4.14900016784668,4.1519999504089355,4.1479997634887695,nan,nan,nan,nan,nan,nan,2.3514268844112207,2.351403056239263,2.4014281202680525,2.4014281202680525,2.4014281339545382,2.5014782893850884
70.41960954666138,0.009999999776482582,4.130000114440918,4.1519999504089355,4.14900016784668,4.150000095367432,4.1519999504089355,4.14900016784668,nan,nan,nan,nan,nan,nan,2.3514268844112207,2.351403056239263,2.4014281202680525,2.4014281202680525,2.4014281339545382,2.5014782893850884
70.59781098365784,0.0,4.130000114440918,4.1529998779296875,4.14900016784668,4.150000095367432,4.1529998779296875,4.14900016784668,nan,nan,nan,nan,nan,nan,2.3514268844112207,2.351403056239263,2.4014281202680525,2.4014281202680525,2.4014281339545382,2.5014782893850884
70.77701306343079,0.009999999776482582,4.13100004196167,4.1529998779296875,4.14900016784668,4.150000095367432,4.1529998779296875,4.150000095367432,nan,nan,nan,nan,nan,nan,2.3514268844112207,2.351403056239263,2.4014281202680525,2.4014281202680525,2.4014281339545382,2.5014782893850884
70.93831610679626,0.009999999776482582,4.13100004196167,4.1529998779296875,4.150000095367432,4.151000022888184,4.1539998054504395,4.150000095367432,nan,nan,nan,nan,nan,nan,2.3514268844112207,2.351403056239263,2.4014281202680525,2.4014281202680525,2.4014281339545382,2.5014782893850884
71.1171932220459,0.009999999776482582,4.13100004196167,4.1529998779296875,4.150000095367432,4.151000022888184,4.1539998054504395,4.150000095367432,nan,nan,nan,nan,nan,nan,2.3514268844112207,2.351403056239263,2.4014281202680525,2.4014281202680525,2.4014281339545382,2.5014782893850884
71.27809238433838,0.0,4.131999969482422,4.1539998054504395,4.150000095367432,4.1519999504089355,4.1539998054504395,4.151000022888184,nan,nan,nan,nan,nan,nan,2.3514268844112207,2.351403056239263,2.4014281202680525,2.4014281202680525,2.4014281339545382,2.5014782893850884
71.45688390731812,0.009999999776482582,4.131999969482422,4.1539998054504395,4.151000022888184,4.1519999504089355,4.1539998054504395,4.151000022888184,nan,nan,nan,nan,nan,nan,2.3514268844112207,2.351403056239263,2.4014281202680525,2.4014281202680525,2.4014281339545382,2.5014782893850884
71.63871669769287,0.0,4.131999969482422,4.15500020980835,4.151000022888184,4.1519999504089355,4.15500020980835,4.151000022888184,nan,nan,nan,nan,nan,nan,2.3514268844112207,2.351403056239263,2.4014281202680525,2.4014281202680525,2.4014281339545382,2.5014782893850884
71.79826402664185,0.009999999776482582,4.132999897003174,4.15500020980835,4.151000022888184,4.1519999504089355,4.15500020980835,4.151000022888184,nan,nan,nan,nan,nan,nan,2.3514268844112207,2.351403056239263,2.4014281202680525,2.4014281202680525,2.4014281339545382,2.5014782893850884
71.97692036628723,0.0,4.132999897003174,4.15500020980835,4.1519999504089355,4.1529998779296875,4.15500020980835,4.1519999504089355,nan,nan,nan,nan,nan,nan,2.3514268844112207,2.351403056239263,2.4014281202680525,2.4014281202680525,2.4014281339545382,2.5014782893850884
72.1576156616211,-0.009999999776482582,4.132999897003174,4.156000137329102,4.1519999504089355,4.1529998779296875,4.156000137329102,4.1519999504089355,nan,nan,nan,nan,nan,nan,2.3514268844112207,2.351403056239263,2.4014281202680525,2.4014281202680525,2.4014281339545382,2.5014782893850884
72.31705451011658,0.0,4.132999897003174,4.156000137329102,4.1519999504089355,4.1539998054504395,4.156000137329102,4.1529998779296875,nan,nan,nan,nan,nan,nan,2.3514268844112207,2.351403056239263,2.4014281202680525,2.4014281202680525,2.4014281339545382,2.5014782893850884
72.49756669998169,-0.009999999776482582,4.133999824523926,4.156000137329102,4.1529998779296875,4.1539998054504395,4.156000137329102,4.1529998779296875,nan,nan,nan,nan,nan,nan,2.3514268844112207,2.351403056239263,2.4014281202680525,2.4014281202680525,2.4014281339545382,2.5014782893850884
72.65861248970032,0.009999999776482582,4.133999824523926,4.156000137329102,4.1529998779296875,4.1539998054504395,4.1570000648498535,4.1529998779296875,nan,nan,nan,nan,nan,nan,2.3514268844112207,2.351403056239263,2.4014281202680525,2.4014281202680525,2.4014281339545382,2.5014782893850884
72.83741450309753,-0.009999999776482582,4.133999824523926,4.1570000648498535,4.1529998779296875,4.1539998054504395,4.1570000648498535,4.1529998779296875,nan,nan,nan,nan,nan,nan,2.3514268844112207,2.351403056239263,2.4014281202680525,2.4014281202680525,2.4014281339545382,2.5014782893850884
73.01784420013428,0.0,4.133999824523926,4.1570000648498535,4.1529998779296875,4.1539998054504395,4.1570000648498535,4.1529998779296875,nan,nan,nan,nan,nan,nan,2.3514268844112207,2.351403056239263,2.4014281202680525,2.4014281202680525,2.4014281339545382,2.5014782893850884
73.177316904068,0.0,4.135000228881836,4.1570000648498535,4.1539998054504395,4.15500020980835,4.1570000648498535,4.1539998054504395,nan,nan,nan,nan,nan,nan,2.3514268844112207,2.351403056239263,2.4014281202680525,2.4014281202680525,2.4014281339545382,2.5014782893850884
73.35792374610901,0.009999999776482582,4.135000228881836,4.1570000648498535,4.1539998054504395,4.15500020980835,4.1579999923706055,4.1539998054504395,nan,nan,nan,nan,nan,nan,2.3514268844112207,2.351403056239263,2.4014281202680525,2.4014281202680525,2.4014281339545382,2.5014782893850884
73.51775097846985,0.0,4.135000228881836,4.1570000648498535,4.1539998054504395,4.15500020980835,4.1579999923706055,4.1539998054504395,nan,nan,nan,nan,nan,nan,2.3514268844112207,2.351403056239263,2.4014281202680525,2.4014281202680525,2.4014281339545382,2.5014782893850884
73.59931182861328,0.0,4.135000228881836,4.1570000648498535,4.1539998054504395,4.15500020980835,4.1579999923706055,4.1539998054504395,nan,nan,nan,nan,nan,nan,2.3514268844112207,2.351403056239263,2.4014281202680525,2.4014281202680525,2.4014281339545382,2.5014782893850884
78.65907764434814,0.009999999776482582,4.138999938964844,4.1620001792907715,4.1579999923706055,4.159999847412109,4.1620001792907715,4.158999919891357,nan,0.5000114552679238,0.4000187009577163,0.49996377155103766,0.4000187009577163,0.5000114552679238,2.3514268844112207,2.6000023469329405,2.6000023469329405,2.649974882229601,2.6000023469329405,2.7499914783982518
83.72131657600403,0.009999999776482582,4.142000198364258,4.164000034332275,4.160999774932861,4.1620001792907715,4.164000034332275,4.160999774932861,nan,nan,nan,nan,nan,nan,2.3514268844112207,2.6000023469329405,2.6000023469329405,2.649974882229601,2.6000023469329405,2.7499914783982518
88.77945685386658,0.009999999776482582,4.14300012588501,4.164999961853027,4.1620001792907715,4.163000106811523,4.164999961853027,4.1620001792907715,nan,nan,nan,nan,nan,nan,2.3514268844112207,2.6000023469329405,2.6000023469329405,2.649974882229601,2.6000023469329405,2.7499914783982518
93.8399167060852,0.009999999776482582,4.144000053405762,4.165999889373779,4.163000106811523,4.164000034332275,4.165999889373779,4.163000106811523,nan,nan,nan,nan,nan,nan,2.3514268844112207,2.6000023469329405,2.6000023469329405,2.649974882229601,2.6000023469329405,2.7499914783982518
98.89952349662781,0.009999999776482582,4.144000053405762,4.165999889373779,4.163000106811523,4.164000034332275,4.166999816894531,4.163000106811523,nan,nan,nan,nan,nan,nan,2.3514268844112207,2.6000023469329405,2.6000023469329405,2.649974882229601,2.6000023469329405,2.7499914783982518
103.96035766601562,0.009999999776482582,4.144999980926514,4.166999816894531,4.164000034332275,4.164999961853027,4.166999816894531,4.164000034332275,nan,nan,nan,nan,nan,nan,2.3514268844112207,2.6000023469329405,2.6000023469329405,2.649974882229601,2.6000023469329405,2.7499914783982518
109.01954960823059,0.0,4.144000053405762,4.166999816894531,4.164000034332275,4.164999961853027,4.166999816894531,4.164000034332275,nan,nan,nan,nan,nan,nan,2.3514268844112207,2.6000023469329405,2.6000023469329405,2.649974882229601,2.6000023469329405,2.7499914783982518
113.15796685218811,-17.350000381469727,4.0929999351501465,4.113999843597412,4.111000061035156,4.111999988555908,4.114999771118164,4.110000133514404,0.002939488019267409,0.0030547534369926906,0.0030547534369926906,0.0030547534369926906,0.0029971207281300496,0.0031123861458553317,2.3514902051670554,0.25153310435245824,0.2015367271973545,0.2515092624940152,0.2015079108429232,0.25156192070688954
113.31751155853271,-17.350000381469727,4.0920000076293945,4.11299991607666,4.110000133514404,4.111000061035156,4.113999843597412,4.107999801635742,nan,nan,nan,nan,nan,nan,2.3514902051670554,0.25153310435245824,0.2015367271973545,0.2515092624940152,0.2015079108429232,0.25156192070688954
113.49781322479248,-17.34000015258789,4.091000080108643,4.111999988555908,4.107999801635742,4.109000205993652,4.111999988555908,4.10699987411499,nan,nan,nan,nan,nan,nan,2.3514902051670554,0.25153310435245824,0.2015367271973545,0.2515092624940152,0.2015079108429232,0.25156192070688954
113.6780834197998,-17.34000015258789,4.090000152587891,4.110000133514404,4.10699987411499,4.107999801635742,4.111000061035156,4.105999946594238,nan,nan,nan,nan,nan,nan,2.3514902051670554,0.25153310435245824,0.2015367271973545,0.2515092624940152,0.2015079108429232,0.25156192070688954
113.83766412734985,-17.31999969482422,4.0879998207092285,4.109000205993652,4.105999946594238,4.105999946594238,4.110000133514404,4.104000091552734,nan,nan,nan,nan,nan,nan,2.3514902051670554,0.25153310435245824,0.2015367271973545,0.2515092624940152,0.2015079108429232,0.25156192070688954
114.01790714263916,-17.31999969482422,4.086999893188477,4.107999801635742,4.105000019073486,4.105000019073486,4.109000205993652,4.103000164031982,nan,nan,nan,nan,nan,nan,2.3514902051670554,0.25153310435245824,0.2015367271973545,0.2515092624940152,0.2015079108429232,0.25156192070688954
114.17742204666138,-17.329999923706055,4.085999965667725,4.10699987411499,4.104000091552734,4.105000019073486,4.107999801635742,4.1020002365112305,nan,nan,nan,nan,nan,nan,2.3514902051670554,0.25153310435245824,0.2015367271973545,0.2515092624940152,0.2015079108429232,0.25156192070688954
114.35814905166626,-17.329999923706055,4.085000038146973,4.105999946594238,4.103000164031982,4.103000164031982,4.105999946594238,4.10099983215332,nan,nan,nan,nan,nan,nan,2.3514902051670554,0.25153310435245824,0.2015367271973545,0.2515092624940152,0.2015079108429232,0.25156192070688954
114.53986930847168,-17.31999969482422,4.084000110626221,4.105000019073486,4.10099983215332,4.1020002365112305,4.105000019073486,4.099999904632568,nan,nan,nan,nan,nan,nan,2.3514902051670554,0.25153310435245824,0.2015367271973545,0.2515092624940152,0.2015079108429232,0.25156192070688954
114.6976842880249,-17.309999465942383,4.083000183105469,4.104000091552734,4.099999904632568,4.10099983215332,4.105000019073486,4.098999977111816,nan,nan,nan,nan,nan,nan,2.3514902051670554,0.25153310435245824,0.2015367271973545,0.2515092624940152,0.2015079108429232,0.25156192070688954
114.87984728813171,-17.31999969482422,4.081999778747559,4.103000164031982,4.099999904632568,4.099999904632568,4.103000164031982,4.0980000495910645,nan,nan,nan,nan,nan,nan,2.3514902051670554,0.25153310435245824,0.2015367271973545,0.2515092624940152,0.2015079108429232,0.25156192070688954
115.0571174621582,-17.31999969482422,4.080999851226807,4.1020002365112305,4.0980000495910645,4.098999977111816,4.103000164031982,4.0970001220703125,nan,nan,nan,nan,nan,nan,2.3514902051670554,0.25153310435245824,0.2015367271973545,0.2515092624940152,0.2015079108429232,0.25156192070688954
115.21836709976196,-17.309999465942383,4.079999923706055,4.10099983215332,4.0980000495910645,4.0980000495910645,4.1020002365112305,4.0960001945495605,nan,nan,nan,nan,nan,nan,2.3514902051670554,0.25153310435245824,0.2015367271973545,0.2515092624940152,0.2015079108429232,0.25156192070688954
115.39709997177124,-17.309999465942383,4.078999996185303,4.099999904632568,4.0970001220703125,4.0970001220703125,4.10099983215332,4.09499979019165,nan,nan,nan,nan,nan,nan,2.3514902051670554,0.25153310435245824,0.2015367271973545,0.2515092624940152,0.2015079108429232,0.25156192070688954
115.55841016769409,-17.290000915527344,4.078000068664551,4.098999977111816,4.0960001945495605,4.0970001220703125,4.099999904632568,4.093999862670898,nan,nan,nan,nan,nan,nan,2.3514902051670554,0.25153310435245824,0.2015367271973545,0.2515092624940152,0.2015079108429232,0.25156192070688954
115.73882794380188,-17.290000915527344,4.077000141143799,4.098999977111816,4.09499979019165,4.0960001945495605,4.098999977111816,4.0929999351501465,nan,nan,nan,nan,nan,nan,2.3514902051670554,0.25153310435245824,0.2015367271973545,0.2515092624940152,0.2015079108429232,0.25156192070688954
115.91786742210388,-17.290000915527344,4.077000141143799,4.0980000495910645,4.093999862670898,4.09499979019165,4.0980000495910645,4.0929999351501465,nan,nan,nan,nan,nan,nan,2.3514902051670554,0.25153310435245824,0.2015367271973545,0.2515092624940152,0.2015079108429232,0.25156192070688954
116.0785870552063,0.009999999776482582,4.120999813079834,4.14300012588501,4.139999866485596,4.140999794006348,4.14300012588501,4.139999866485596,0.0025433335033590906,0.0026011603417973005,0.002658959617395454,0.002658959617395454,0.0026011603417973005,0.0027167588929936076,0.00274141076131325,0.0028279568893949955,0.0028568565271940723,0.0028568565271940723,0.0027991405349636752,0.0029145725194244694
116.25747060775757,-0.009999999776482582,4.123000144958496,4.144999980926514,4.142000198364258,4.14300012588501,4.144999980926514,4.142000198364258,nan,nan,nan,nan,nan,nan,0.00274141076131325,0.0028279568893949955,0.0028568565271940723,0.0028568565271940723,0.0027991405349636752,0.0029145725194244694
116.43776416778564,0.0,4.124000072479248,4.145999908447266,4.142000198364258,4.144000053405762,4.145999908447266,4.14300012588501,nan,nan,nan,nan,nan,nan,0.00274141076131325,0.0028279568893949955,0.0028568565271940723,0.0028568565271940723,0.0027991405349636752,0.0029145725194244694
116.59732103347778,0.009999999776482582,4.124000072479248,4.146999835968018,4.144000053405762,4.144000053405762,4.146999835968018,4.14300012588501,nan,nan,nan,nan,nan,nan,0.00274141076131325,0.0028279568893949955,0.0028568565271940723,0.0028568565271940723,0.0027991405349636752,0.0029145725194244694
116.77777695655823,-0.009999999776482582,4.125,4.146999835968018,4.144000053405762,4.144999980926514,4.1479997634887695,4.144000053405762,nan,nan,nan,nan,nan,nan,0.00274141076131325,0.0028279568893949955,0.0028568565271940723,0.0028568565271940723,0.0027991405349636752,0.0029145725194244694
116.93709659576416,0.009999999776482582,4.125999927520752,4.1479997634887695,4.144999980926514,4.145999908447266,4.1479997634887695,4.144999980926514,nan,nan,nan,nan,nan,nan,0.00274141076131325,0.0028279568893949955,0.0028568565271940723,0.0028568565271940723,0.0027991405349636752,0.0029145725194244694
117.11746668815613,0.0,4.125999927520752,4.14900016784668,4.144999980926514,4.145999908447266,4.14900016784668,4.145999908447266,nan,nan,nan,nan,nan,nan,0.00274141076131325,0.0028279568893949955,0.0028568565271940723,0.0028568565271940723,0.0027991405349636752,0.0029145725194244694
117.29809331893921,0.009999999776482582,4.126999855041504,4.14900016784668,4.145999908447266,4.146999835968018,4.150000095367432,4.145999908447266,nan,nan,nan,nan,nan,nan,0.00274141076131325,0.0028279568893949955,0.0028568565271940723,0.0028568565271940723,0.0027991405349636752,0.0029145725194244694
117.45948958396912,-0.009999999776482582,4.126999855041504,4.14900016784668,4.145999908447266,4.146999835968018,4.150000095367432,4.145999908447266,nan,nan,nan,nan,nan,nan,0.00274141076131325,0.0028279568893949955,0.0028568565271940723,0.0028568565271940723,0.0027991405349636752,0.0029145725194244694
117.63932371139526,-0.009999999776482582,4.127999782562256,4.150000095367432,4.146999835968018,4.1479997634887695,4.150000095367432,4.146999835968018,nan,nan,nan,nan,nan,nan,0.00274141076131325,0.0028279568893949955,0.0028568565271940723,0.0028568565271940723,0.0027991405349636752,0.0029145725194244694
117.79721474647522,0.009999999776482582,4.127999782562256,4.150000095367432,4.146999835968018,4.1479997634887695,4.151000022888184,4.146999835968018,nan,nan,nan,nan,nan,nan,0.00274141076131325,0.0028279568893949955,0.0028568565271940723,0.0028568565271940723,0.0027991405349636752,0.0029145725194244694
117.97741055488586,0.009999999776482582,4.129000186920166,4.151000022888184,4.146999835968018,4.14900016784668,4.151000022888184,4.1479997634887695,nan,nan,nan,nan,nan,nan,0.00274141076131325,0.0028279568893949955,0.0028568565271940723,0.0028568565271940723,0.0027991405349636752,0.0029145725194244694
118.15796184539795,0.0,4.129000186920166,4.151000022888184,4.1479997634887695,4.14900016784668,4.1519999504089355,4.1479997634887695,nan,nan,nan,nan,nan,nan,0.00274141076131325,0.0028279568893949955,0.0028568565271940723,0.0028568565271940723,0.0027991405349636752,0.0029145725194244694
118.31728410720825,0.009999999776482582,4.130000114440918,4.1519999504089355,4.1479997634887695,4.14900016784668,4.1519999504089355,4.1479997634887695,nan,nan,nan,nan,nan,nan,0.00274141076131325,0.0028279568893949955,0.0028568565271940723,0.0028568565271940723,0.0027991405349636752,0.0029145725194244694
118.49768590927124,-0.009999999776482582,4.130000114440918,4.1519999504089355,4.14900016784668,4.150000095367432,4.1519999504089355,4.14900016784668,nan,nan,nan,nan,nan,nan,0.00274141076131325,0.0028279568893949955,0.0028568565271940723,0.0028568565271940723,0.0027991405349636752,0.0029145725194244694
118.67793583869934,0.0,4.130000114440918,4.1529998779296875,4.14900016784668,4.150000095367432,4.1529998779296875,4.14900016784668,nan,nan,nan,nan,nan,nan,0.00274141076131325,0.0028279568893949955,0.0028568565271940723,0.0028568565271940723,0.0027991405349636752,0.0029145725194244694
118.83768606185913,-0.009999999776482582,4.130000114440918,4.1529998779296875,4.14900016784668,4.151000022888184,4.1529998779296875,4.150000095367432,nan,nan,nan,nan,nan,nan,0.00274141076131325,0.0028279568893949955,0.0028568565271940723,0.0028568565271940723,0.0027991405349636752,0.0029145725194244694
119.01954650878906,0.0,4.13100004196167,4.1529998779296875,4.150000095367432,4.151000022888184,4.1529998779296875,4.150000095367432,nan,nan,nan,nan,nan,nan,0.00274141076131325,0.0028279568893949955,0.0028568565271940723,0.0028568565271940723,0.0027991405349636752,0.0029145725194244694
119.17765855789185,-0.009999999776482582,4.13100004196167,4.1529998779296875,4.150000095367432,4.151000022888184,4.1529998779296875,4.150000095367432,nan,nan,nan,nan,nan,nan,0.00274141076131325,0.0028279568893949955,0.0028568565271940723,0.0028568565271940723,0.0027991405349636752,0.0029145725194244694
119.35766196250916,0.0,4.131999969482422,4.1539998054504395,4.150000095367432,4.151000022888184,4.1539998054504395,4.151000022888184,nan,nan,nan,nan,nan,nan,0.00274141076131325,0.0028279568893949955,0.0028568565271940723,0.0028568565271940723,0.0027991405349636752,0.0029145725194244694
119.53809475898743,0.009999999776482582,4.13100004196167,4.1539998054504395,4.151000022888184,4.1519999504089355,4.1539998054504395,4.151000022888184,nan,nan,nan,nan,nan,nan,0.00274141076131325,0.0028279568893949955,0.0028568565271940723,0.0028568565271940723,0.0027991405349636752,0.0029145725194244694
119.69763779640198,-0.009999999776482582,4.131999969482422,4.1539998054504395,4.151000022888184,4.1519999504089355,4.15500020980835,4.151000022888184,nan,nan,nan,nan,nan,nan,0.00274141076131325,0.0028279568893949955,0.0028568565271940723,0.0028568565271940723,0.0027991405349636752,0.0029145725194244694
119.87775349617004,0.009999999776482582,4.131999969482422,4.1539998054504395,4.151000022888184,4.1519999504089355,4.15500020980835,4.151000022888184,nan,nan,nan,nan,nan,nan,0.00274141076131325,0.0028279568893949955,0.0028568565271940723,0.0028568565271940723,0.0027991405349636752,0.0029145725194244694
120.03713870048523,0.009999999776482582,4.131999969482422,4.1539998054504395,4.151000022888184,4.1519999504089355,4.15500020980835,4.151000022888184,nan,nan,nan,nan,nan,nan,0.00274141076131325,0.0028279568893949955,0.0028568565271940723,0.0028568565271940723,0.0027991405349636752,0.0029145725194244694
120.217604637146,0.009999999776482582,4.132999897003174,4.15500020980835,4.1519999504089355,4.1529998779296875,4.15500020980835,4.1519999504089355,nan,nan,nan,nan,nan,nan,0.00274141076131325,0.0028279568893949955,0.0028568565271940723,0.0028568565271940723,0.0027991405349636752,0.0029145725194244694
120.39809727668762,-0.009999999776482582,4.132999897003174,4.15500020980835,4.1519999504089355,4.1529998779296875,4.15500020980835,4.1519999504089355,nan,nan,nan,nan,nan,nan,0.00274141076131325,0.0028279568893949955,0.0028568565271940723,0.0028568565271940723,0.0027991405349636752,0.0029145725194244694
120.55760431289673,0.0,4.132999897003174,4.15500020980835,4.1519999504089355,4.1529998779296875,4.15500020980835,4.1519999504089355,nan,nan,nan,nan,nan,nan,0.00274141076131325,0.0028279568893949955,0.0028568565271940723,0.0028568565271940723,0.0027991405349636752,0.0029145725194244694
120.73817276954651,0.009999999776482582,4.132999897003174,4.15500020980835,4.1519999504089355,4.1529998779296875,4.156000137329102,4.1519999504089355,nan,nan,nan,nan,nan,nan,0.00274141076131325,0.0028279568893949955,0.0028568565271940723,0.0028568565271940723,0.0027991405349636752,0.0029145725194244694
120.91669011116028,0.009999999776482582,4.133999824523926,4.156000137329102,4.1519999504089355,4.1539998054504395,4.156000137329102,4.1529998779296875,nan,nan,nan,nan,nan,nan,0.00274141076131325,0.0028279568893949955,0.0028568565271940723,0.0028568565271940723,0.0027991405349636752,0.0029145725194244694
121.07769632339478,0.0,4.133999824523926,4.156000137329102,4.1519999504089355,4.1539998054504395,4.156000137329102,4.1529998779296875,nan,nan,nan,nan,nan,nan,0.00274141076131325,0.0028279568893949955,0.0028568565271940723,0.0028568565271940723,0.0027991405349636752,0.0029145725194244694
121.258220911026,-17.3700008392334,4.086999893188477,4.107999801635742,4.105000019073486,4.105000019073486,4.109000205993652,4.103000164031982,0.0027058105391273833,0.0027634043393332274,0.0027058105391273833,0.002820943236011707,0.0027058105391273833,0.0028785095844538686,0.0026245720212432367,0.0026822823405652637,0.002682385078261419,0.0027399514267035805,0.0026534854404623416,0.002797634238723738
121.41773104667664,-17.3700008392334,4.085000038146973,4.10699987411499,4.103000164031982,4.104000091552734,4.10699987411499,4.10099983215332,nan,nan,nan,nan,nan,nan,0.0026245720212432367,0.0026822823405652637,0.002682385078261419,0.0027399514267035805,0.0026534854404623416,0.002797634238723738
