Time (s),Current (A),Voltage_Cell1 (V),Voltage_Cell2 (V),Voltage_Cell3 (V),Voltage_Cell4 (V),Voltage_Cell5 (V),Voltage_Cell6 (V),Resistance_Cell1 (Ohm),Resistance_Cell2 (Ohm),Resistance_Cell3 (Ohm),Resistance_Cell4 (Ohm),Resistance_Cell5 (Ohm),Resistance_Cell6 (Ohm)
1753555653.2253923,0.009999999776482582,3.7829999923706055,3.7829999923706055,3.7730000019073486,3.7820000648498535,3.7839999198913574,3.759000062942505,nan,nan,nan,nan,nan,nan
1753555658.3882194,-0.23999999463558197,3.7820000648498535,3.7820000648498535,3.7720000743865967,3.7809998989105225,3.7829999923706055,3.757999897003174,-0.004166364762925314,-0.004166364762925314,-0.004166364762925314,-0.004167358173693775,-0.004166364762925314,-0.004167358173693775
1753555658.566022,-0.23999999463558197,3.7820000648498535,3.7820000648498535,3.7720000743865967,3.7809998989105225,3.7829999923706055,3.757999897003174,-0.0,-0.0,-0.0,-0.0,-0.0,-0.0
1753555658.7195034,-0.23000000417232513,3.7820000648498535,3.7820000648498535,3.7720000743865967,3.7809998989105225,3.7829999923706055,3.757999897003174,-0.0,-0.0,-0.0,-0.0,-0.0,-0.0
1753555658.8982022,-0.23000000417232513,3.7820000648498535,3.7820000648498535,3.7720000743865967,3.7809998989105225,3.7829999923706055,3.757999897003174,-0.0,-0.0,-0.0,-0.0,-0.0,-0.0
1753555659.0607903,-0.23999999463558197,3.7820000648498535,3.7820000648498535,3.7720000743865967,3.7809998989105225,3.7829999923706055,3.757999897003174,-0.0,-0.0,-0.0,-0.0,-0.0,-0.0
1753555659.2431045,-0.2199999988079071,3.7820000648498535,3.7820000648498535,3.7720000743865967,3.7809998989105225,3.7829999923706055,3.757999897003174,-0.0,-0.0,-0.0,-0.0,-0.0,-0.0
1753555659.4204934,-0.23000000417232513,3.7820000648498535,3.7820000648498535,3.7720000743865967,3.7809998989105225,3.7829999923706055,3.757999897003174,-0.0,-0.0,-0.0,-0.0,-0.0,-0.0
1753555659.5816212,0.009999999776482582,3.7820000648498535,3.7809998989105225,3.7720000743865967,3.7820000648498535,3.7829999923706055,3.757999897003174,nan,nan,nan,nan,nan,nan
1753555659.8020816,0.009999999776482582,3.7820000648498535,3.7820000648498535,3.7720000743865967,3.7809998989105225,3.7839999198913574,3.759000062942505,nan,nan,nan,nan,nan,nan
1753555659.9928448,0.009999999776482582,3.7829999923706055,3.7820000648498535,3.7720000743865967,3.7820000648498535,3.7839999198913574,3.757999897003174,nan,nan,nan,nan,nan,nan
1753555660.0999,-0.009999999776482582,3.7829999923706055,3.7820000648498535,3.7720000743865967,3.7820000648498535,3.7839999198913574,3.757999897003174,nan,nan,nan,nan,nan,nan
1753555660.278452,-0.009999999776482582,3.7829999923706055,3.7820000648498535,3.7720000743865967,3.7820000648498535,3.7839999198913574,3.759000062942505,nan,nan,nan,nan,nan,nan
1753555660.4415905,0.009999999776482582,3.7829999923706055,3.7820000648498535,3.7720000743865967,3.7820000648498535,3.7839999198913574,3.759000062942505,nan,nan,nan,nan,nan,nan
1753555660.6235716,0.0,3.7829999923706055,3.7820000648498535,3.7720000743865967,3.7820000648498535,3.7839999198913574,3.759000062942505,nan,nan,nan,nan,nan,nan
1753555660.803149,0.0,3.7829999923706055,3.7820000648498535,3.7720000743865967,3.7809998989105225,3.7839999198913574,3.757999897003174,nan,nan,nan,nan,nan,nan
1753555660.9646916,-0.009999999776482582,3.7829999923706055,3.7820000648498535,3.7720000743865967,3.7820000648498535,3.7839999198913574,3.759000062942505,nan,nan,nan,nan,nan,nan
1753555661.138929,-0.009999999776482582,3.7829999923706055,3.7820000648498535,3.7720000743865967,3.7820000648498535,3.7839999198913574,3.757999897003174,nan,nan,nan,nan,nan,nan
1753555661.3036501,0.0,3.7829999923706055,3.7820000648498535,3.7720000743865967,3.7820000648498535,3.7839999198913574,3.757999897003174,nan,nan,nan,nan,nan,nan
1753555661.4837198,-0.009999999776482582,3.7829999923706055,3.7820000648498535,3.7720000743865967,3.7820000648498535,3.7839999198913574,3.757999897003174,nan,nan,nan,nan,nan,nan
1753555661.6592147,0.009999999776482582,3.7829999923706055,3.7820000648498535,3.7720000743865967,3.7820000648498535,3.7839999198913574,3.757999897003174,nan,nan,nan,nan,nan,nan
1753555661.8287644,0.0,3.7829999923706055,3.7820000648498535,3.7720000743865967,3.7820000648498535,3.7839999198913574,3.759000062942505,nan,nan,nan,nan,nan,nan
1753555661.9979074,0.0,3.7829999923706055,3.7820000648498535,3.7720000743865967,3.7820000648498535,3.7839999198913574,3.757999897003174,nan,nan,nan,nan,nan,nan
1753555662.177032,0.009999999776482582,3.7829999923706055,3.7820000648498535,3.7720000743865967,3.7820000648498535,3.7839999198913574,3.757999897003174,nan,nan,nan,nan,nan,nan
1753555662.3419662,-0.019999999552965164,3.7829999923706055,3.7820000648498535,3.7720000743865967,3.7809998989105225,3.7839999198913574,3.759000062942505,-0.0,-0.0,-0.0,-0.0500082980843253,-0.0,0.0500082980843253
1753555662.5180526,0.0,3.7829999923706055,3.7820000648498535,3.7720000743865967,3.7820000648498535,3.7839999198913574,3.757999897003174,nan,nan,nan,nan,nan,nan
1753555662.684982,0.009999999776482582,3.7829999923706055,3.7820000648498535,3.7720000743865967,3.7820000648498535,3.7839999198913574,3.759000062942505,nan,nan,nan,nan,nan,nan
1753555662.8627415,0.009999999776482582,3.7829999923706055,3.7820000648498535,3.7720000743865967,3.7820000648498535,3.7839999198913574,3.759000062942505,nan,nan,nan,nan,nan,nan
1753555663.040904,-0.009999999776482582,3.7829999923706055,3.7820000648498535,3.7720000743865967,3.7820000648498535,3.7839999198913574,3.759000062942505,nan,nan,nan,nan,nan,nan
1753555663.2334569,0.0,3.7829999923706055,3.7820000648498535,3.7720000743865967,3.7820000648498535,3.7839999198913574,3.759000062942505,nan,nan,nan,nan,nan,nan
1753555663.3820593,0.0,3.7829999923706055,3.7820000648498535,3.7730000019073486,3.7820000648498535,3.7839999198913574,3.757999897003174,nan,nan,nan,nan,nan,nan
1753555663.5427346,-0.009999999776482582,3.7829999923706055,3.7829999923706055,3.7730000019073486,3.7820000648498535,3.7839999198913574,3.759000062942505,nan,nan,nan,nan,nan,nan
1753555663.7201078,0.0,3.7829999923706055,3.7820000648498535,3.7720000743865967,3.7820000648498535,3.7839999198913574,3.759000062942505,nan,nan,nan,nan,nan,nan
1753555663.9071922,-0.009999999776482582,3.7829999923706055,3.7820000648498535,3.7720000743865967,3.7820000648498535,3.7839999198913574,3.759000062942505,nan,nan,nan,nan,nan,nan
1753555664.0597332,-0.009999999776482582,3.7829999923706055,3.7820000648498535,3.7720000743865967,3.7820000648498535,3.7839999198913574,3.757999897003174,nan,nan,nan,nan,nan,nan
1753555664.2415712,0.0,3.7829999923706055,3.7820000648498535,3.7730000019073486,3.7820000648498535,3.7839999198913574,3.759000062942505,nan,nan,nan,nan,nan,nan
1753555664.4005747,0.0,3.7829999923706055,3.7820000648498535,3.7720000743865967,3.7820000648498535,3.7839999198913574,3.759000062942505,nan,nan,nan,nan,nan,nan
1753555664.5780632,0.0,3.7829999923706055,3.7820000648498535,3.7720000743865967,3.7820000648498535,3.7839999198913574,3.759000062942505,nan,nan,nan,nan,nan,nan
1753555664.7809803,-0.009999999776482582,3.7829999923706055,3.7820000648498535,3.7720000743865967,3.7820000648498535,3.7839999198913574,3.759000062942505,nan,nan,nan,nan,nan,nan
1753555664.9248796,0.0,3.7829999923706055,3.7829999923706055,3.7720000743865967,3.7820000648498535,3.7839999198913574,3.759000062942505,nan,nan,nan,nan,nan,nan
1753555665.1067104,-0.009999999776482582,3.7829999923706055,3.7820000648498535,3.7730000019073486,3.7820000648498535,3.7839999198913574,3.759000062942505,nan,nan,nan,nan,nan,nan
1753555665.282601,0.009999999776482582,3.7829999923706055,3.7820000648498535,3.7720000743865967,3.7820000648498535,3.7839999198913574,3.759000062942505,nan,nan,nan,nan,nan,nan
1753555665.4482775,0.0,3.7829999923706055,3.7820000648498535,3.7720000743865967,3.7820000648498535,3.7839999198913574,3.759000062942505,nan,nan,nan,nan,nan,nan
1753555665.6367686,0.0,3.7829999923706055,3.7820000648498535,3.7730000019073486,3.7820000648498535,3.7839999198913574,3.759000062942505,nan,nan,nan,nan,nan,nan
1753555665.7904418,0.009999999776482582,3.7829999923706055,3.7820000648498535,3.7730000019073486,3.7820000648498535,3.7839999198913574,3.759000062942505,nan,nan,nan,nan,nan,nan
1753555665.9628568,0.0,3.7829999923706055,3.7820000648498535,3.7720000743865967,3.7820000648498535,3.7839999198913574,3.759000062942505,nan,nan,nan,nan,nan,nan
1753555666.1376796,0.0,3.7829999923706055,3.7820000648498535,3.7720000743865967,3.7820000648498535,3.7839999198913574,3.757999897003174,nan,nan,nan,nan,nan,nan
1753555666.303468,0.009999999776482582,3.7829999923706055,3.7820000648498535,3.7720000743865967,3.7820000648498535,3.7839999198913574,3.759000062942505,nan,nan,nan,nan,nan,nan
1753555666.495037,0.0,3.7829999923706055,3.7820000648498535,3.7720000743865967,3.7820000648498535,3.7839999198913574,3.759000062942505,nan,nan,nan,nan,nan,nan
1753555666.6428645,-0.009999999776482582,3.7829999923706055,3.7820000648498535,3.7720000743865967,3.7820000648498535,3.7839999198913574,3.759000062942505,nan,nan,nan,nan,nan,nan
1753555666.8255196,0.009999999776482582,3.7829999923706055,3.7820000648498535,3.7720000743865967,3.7820000648498535,3.7839999198913574,3.759000062942505,nan,nan,nan,nan,nan,nan
1753555667.0124707,0.009999999776482582,3.7829999923706055,3.7820000648498535,3.7720000743865967,3.7820000648498535,3.7839999198913574,3.759000062942505,nan,nan,nan,nan,nan,nan
1753555667.1565971,-0.009999999776482582,3.7829999923706055,3.7820000648498535,3.7720000743865967,3.7820000648498535,3.7839999198913574,3.759000062942505,nan,nan,nan,nan,nan,nan
1753555667.3404455,0.009999999776482582,3.7829999923706055,3.7820000648498535,3.7720000743865967,3.7820000648498535,3.7839999198913574,3.759000062942505,nan,nan,nan,nan,nan,nan
1753555667.5220566,-0.009999999776482582,3.7829999923706055,3.7820000648498535,3.7720000743865967,3.7820000648498535,3.7839999198913574,3.759000062942505,nan,nan,nan,nan,nan,nan
1753555667.677984,-0.009999999776482582,3.7829999923706055,3.7820000648498535,3.7720000743865967,3.7820000648498535,3.7839999198913574,3.759000062942505,nan,nan,nan,nan,nan,nan
1753555667.8624463,0.0,3.7829999923706055,3.7820000648498535,3.7720000743865967,3.7820000648498535,3.7839999198913574,3.759000062942505,nan,nan,nan,nan,nan,nan
1753555668.0229664,0.009999999776482582,3.7829999923706055,3.7820000648498535,3.7720000743865967,3.7820000648498535,3.7839999198913574,3.759000062942505,nan,nan,nan,nan,nan,nan
1753555668.1974869,0.009999999776482582,3.7829999923706055,3.7820000648498535,3.7720000743865967,3.7820000648498535,3.7839999198913574,3.757999897003174,nan,nan,nan,nan,nan,nan
1753555668.2826066,0.009999999776482582,3.7829999923706055,3.7820000648498535,3.7720000743865967,3.7820000648498535,3.7839999198913574,3.757999897003174,nan,nan,nan,nan,nan,nan
1753555673.3409379,0.009999999776482582,3.7829999923706055,3.7820000648498535,3.7720000743865967,3.7820000648498535,3.7839999198913574,3.759000062942505,nan,nan,nan,nan,nan,nan
1753555678.4023411,0.009999999776482582,3.7829999923706055,3.7820000648498535,3.7720000743865967,3.7820000648498535,3.7839999198913574,3.759000062942505,nan,nan,nan,nan,nan,nan
1753555683.5619137,-0.23999999463558197,3.7820000648498535,3.7820000648498535,3.7720000743865967,3.7809998989105225,3.7829999923706055,3.757999897003174,-0.004166364762925314,-0.0,-0.0,-0.004167358173693775,-0.004166364762925314,-0.004167358173693775
1753555683.719659,-0.2199999988079071,3.7820000648498535,3.7820000648498535,3.7709999084472656,3.7809998989105225,3.7829999923706055,3.756999969482422,-0.0,-0.0,-0.004546208839775264,-0.0,-0.0,-0.004545125118955293
1753555683.9005353,-0.2199999988079071,3.7820000648498535,3.7820000648498535,3.7709999084472656,3.7809998989105225,3.7829999923706055,3.757999897003174,-0.0,-0.0,-0.0,-0.0,-0.0,0.004545125118955293
1753555684.0602343,-0.2199999988079071,3.7820000648498535,3.7820000648498535,3.7720000743865967,3.7809998989105225,3.7829999923706055,3.757999897003174,-0.0,-0.0,0.004546208839775264,-0.0,-0.0,-0.0
1753555684.2437732,-0.23999999463558197,3.7820000648498535,3.7820000648498535,3.7720000743865967,3.7809998989105225,3.7829999923706055,3.757999897003174,-0.0,-0.0,-0.0,-0.0,-0.0,-0.0
1753555684.4196353,-0.2199999988079071,3.7820000648498535,3.7820000648498535,3.7720000743865967,3.7809998989105225,3.7829999923706055,3.757999897003174,-0.0,-0.0,-0.0,-0.0,-0.0,-0.0
1753555684.5827913,-0.2199999988079071,3.7820000648498535,3.7820000648498535,3.7720000743865967,3.7809998989105225,3.7829999923706055,3.757999897003174,-0.0,-0.0,-0.0,-0.0,-0.0,-0.0
1753555684.7701697,-0.23999999463558197,3.7820000648498535,3.7809998989105225,3.7720000743865967,3.7809998989105225,3.7829999923706055,3.757999897003174,-0.0,-0.004167358173693775,-0.0,-0.0,-0.0,-0.0
1753555684.9439714,-0.2199999988079071,3.7820000648498535,3.7809998989105225,3.7720000743865967,3.7809998989105225,3.7829999923706055,3.757999897003174,-0.0,-0.0,-0.0,-0.0,-0.0,-0.0
1753555685.1078382,-0.2199999988079071,3.7820000648498535,3.7820000648498535,3.7720000743865967,3.7809998989105225,3.7829999923706055,3.757999897003174,-0.0,0.004546208839775264,-0.0,-0.0,-0.0,-0.0
1753555685.2850118,-0.2199999988079071,3.7820000648498535,3.7809998989105225,3.7720000743865967,3.7809998989105225,3.7829999923706055,3.757999897003174,-0.0,-0.004546208839775264,-0.0,-0.0,-0.0,-0.0
1753555685.444177,-0.2199999988079071,3.7820000648498535,3.7820000648498535,3.7720000743865967,3.7809998989105225,3.7829999923706055,3.756999969482422,-0.0,0.004546208839775264,-0.0,-0.0,-0.0,-0.004545125118955293
1753555685.632774,-0.23000000417232513,3.7820000648498535,3.7809998989105225,3.7720000743865967,3.7809998989105225,3.7829999923706055,3.757999897003174,-0.0,-0.004348547483423916,-0.0,-0.0,-0.0,0.0043475108809248875
1753555685.8070443,-0.2199999988079071,3.7820000648498535,3.7809998989105225,3.7720000743865967,3.7809998989105225,3.7829999923706055,3.756999969482422,-0.0,-0.0,-0.0,-0.0,-0.0,-0.004545125118955293
1753555685.9636269,-0.23000000417232513,3.7820000648498535,3.7820000648498535,3.7720000743865967,3.7809998989105225,3.7829999923706055,3.757999897003174,-0.0,0.004348547483423916,-0.0,-0.0,-0.0,0.0043475108809248875
1753555686.1379342,-0.23000000417232513,3.7820000648498535,3.7809998989105225,3.7709999084472656,3.7809998989105225,3.7829999923706055,3.756999969482422,-0.0,-0.004348547483423916,-0.004348547483423916,-0.0,-0.0,-0.0043475108809248875
1753555686.2987332,-0.23000000417232513,3.7820000648498535,3.7809998989105225,3.7720000743865967,3.7809998989105225,3.7829999923706055,3.757999897003174,-0.0,-0.0,0.004348547483423916,-0.0,-0.0,0.0043475108809248875
1753555686.4828665,-0.2199999988079071,3.7820000648498535,3.7809998989105225,3.7720000743865967,3.7809998989105225,3.7829999923706055,3.756999969482422,-0.0,-0.0,-0.0,-0.0,-0.0,-0.004545125118955293
1753555686.6628394,-0.23999999463558197,3.7820000648498535,3.7820000648498535,3.7720000743865967,3.7809998989105225,3.7829999923706055,3.756999969482422,-0.0,0.004167358173693775,-0.0,-0.0,-0.0,-0.0
1753555686.8293018,-0.23000000417232513,3.7820000648498535,3.7809998989105225,3.7709999084472656,3.7799999713897705,3.7829999923706055,3.757999897003174,-0.0,-0.004348547483423916,-0.004348547483423916,-0.0043475108809248875,-0.0,0.0043475108809248875
1753555687.0089133,-0.23000000417232513,3.7820000648498535,3.7820000648498535,3.7720000743865967,3.7809998989105225,3.7829999923706055,3.756999969482422,-0.0,0.004348547483423916,0.004348547483423916,0.0043475108809248875,-0.0,-0.0043475108809248875
1753555687.1776423,-0.23999999463558197,3.7820000648498535,3.7809998989105225,3.7709999084472656,3.7809998989105225,3.7829999923706055,3.757999897003174,-0.0,-0.004167358173693775,-0.004167358173693775,-0.0,-0.0,0.004166364762925314
1753555687.341201,-0.23999999463558197,3.7820000648498535,3.7809998989105225,3.7709999084472656,3.7809998989105225,3.7829999923706055,3.757999897003174,-0.0,-0.0,-0.0,-0.0,-0.0,-0.0
1753555687.5287063,-0.2199999988079071,3.7820000648498535,3.7809998989105225,3.7709999084472656,3.7809998989105225,3.7829999923706055,3.757999897003174,-0.0,-0.0,-0.0,-0.0,-0.0,-0.0
1753555687.6842277,-0.23000000417232513,3.7820000648498535,3.7820000648498535,3.7709999084472656,3.7809998989105225,3.7829999923706055,3.756999969482422,-0.0,0.004348547483423916,-0.0,-0.0,-0.0,-0.0043475108809248875
1753555687.8614404,-0.23000000417232513,3.7820000648498535,3.7809998989105225,3.7720000743865967,3.7809998989105225,3.7829999923706055,3.757999897003174,-0.0,-0.004348547483423916,0.004348547483423916,-0.0,-0.0,0.0043475108809248875
1753555688.0418582,-0.23000000417232513,3.7820000648498535,3.7809998989105225,3.7720000743865967,3.7809998989105225,3.7829999923706055,3.757999897003174,-0.0,-0.0,-0.0,-0.0,-0.0,-0.0
1753555688.2020054,-0.23000000417232513,3.7820000648498535,3.7809998989105225,3.7720000743865967,3.7809998989105225,3.7829999923706055,3.756999969482422,-0.0,-0.0,-0.0,-0.0,-0.0,-0.0043475108809248875
1753555688.378984,-0.23999999463558197,3.7820000648498535,3.7809998989105225,3.7720000743865967,3.7809998989105225,3.7829999923706055,3.757999897003174,-0.0,-0.0,-0.0,-0.0,-0.0,0.004166364762925314
1753555688.537753,-0.23000000417232513,3.7820000648498535,3.7809998989105225,3.7709999084472656,3.7809998989105225,3.7829999923706055,3.756999969482422,-0.0,-0.0,-0.004348547483423916,-0.0,-0.0,-0.0043475108809248875
1753555688.7209039,-0.23999999463558197,3.7820000648498535,3.7809998989105225,3.7720000743865967,3.7809998989105225,3.7829999923706055,3.757999897003174,-0.0,-0.0,0.004167358173693775,-0.0,-0.0,0.004166364762925314
1753555688.8988748,-0.23999999463558197,3.7820000648498535,3.7809998989105225,3.7709999084472656,3.7809998989105225,3.7829999923706055,3.757999897003174,-0.0,-0.0,-0.004167358173693775,-0.0,-0.0,-0.0
1753555689.06046,-0.23000000417232513,3.7820000648498535,3.7809998989105225,3.7709999084472656,3.7809998989105225,3.7829999923706055,3.757999897003174,-0.0,-0.0,-0.0,-0.0,-0.0,-0.0
1753555689.2382443,-0.2199999988079071,3.7820000648498535,3.7809998989105225,3.7709999084472656,3.7809998989105225,3.7829999923706055,3.757999897003174,-0.0,-0.0,-0.0,-0.0,-0.0,-0.0
1753555689.4258928,-0.23000000417232513,3.7820000648498535,3.7809998989105225,3.7709999084472656,3.7809998989105225,3.7829999923706055,3.757999897003174,-0.0,-0.0,-0.0,-0.0,-0.0,-0.0
1753555689.5770063,-0.23000000417232513,3.7820000648498535,3.7820000648498535,3.7709999084472656,3.7809998989105225,3.7829999923706055,3.756999969482422,-0.0,0.004348547483423916,-0.0,-0.0,-0.0,-0.0043475108809248875
1753555689.761436,-0.23000000417232513,3.7820000648498535,3.7809998989105225,3.7720000743865967,3.7809998989105225,3.7829999923706055,3.757999897003174,-0.0,-0.004348547483423916,0.004348547483423916,-0.0,-0.0,0.0043475108809248875
1753555689.9203212,-0.23000000417232513,3.7820000648498535,3.7809998989105225,3.7709999084472656,3.7809998989105225,3.7829999923706055,3.756999969482422,-0.0,-0.0,-0.004348547483423916,-0.0,-0.0,-0.0043475108809248875
1753555690.1053598,-0.23999999463558197,3.7820000648498535,3.7820000648498535,3.7709999084472656,3.7809998989105225,3.7829999923706055,3.757999897003174,-0.0,0.004167358173693775,-0.0,-0.0,-0.0,0.004166364762925314
1753555690.2807362,-0.23999999463558197,3.7820000648498535,3.7809998989105225,3.7720000743865967,3.7809998989105225,3.7829999923706055,3.757999897003174,-0.0,-0.004167358173693775,0.004167358173693775,-0.0,-0.0,-0.0
1753555690.4432685,-0.2199999988079071,3.7820000648498535,3.7809998989105225,3.7709999084472656,3.7809998989105225,3.7829999923706055,3.757999897003174,-0.0,-0.0,-0.004546208839775264,-0.0,-0.0,-0.0
1753555690.6220427,-0.23000000417232513,3.7820000648498535,3.7820000648498535,3.7709999084472656,3.7809998989105225,3.7829999923706055,3.756999969482422,-0.0,0.004348547483423916,-0.0,-0.0,-0.0,-0.0043475108809248875
1753555690.7820642,-0.23999999463558197,3.7820000648498535,3.7809998989105225,3.7720000743865967,3.7809998989105225,3.7829999923706055,3.756999969482422,-0.0,-0.004167358173693775,0.004167358173693775,-0.0,-0.0,-0.0
1753555690.9862814,-0.23999999463558197,3.7820000648498535,3.7809998989105225,3.7720000743865967,3.7809998989105225,3.7829999923706055,3.756999969482422,-0.0,-0.0,-0.0,-0.0,-0.0,-0.0
1753555691.1387997,-0.23000000417232513,3.7820000648498535,3.7809998989105225,3.7709999084472656,3.7809998989105225,3.7829999923706055,3.757999897003174,-0.0,-0.0,-0.004348547483423916,-0.0,-0.0,0.0043475108809248875
1753555691.3017695,-0.09000000357627869,3.7820000648498535,3.7809998989105225,3.7709999084472656,3.7809998989105225,3.7829999923706055,3.756999969482422,-0.0,-0.0,-0.0,-0.0,-0.0,-0.011110305344648944
1753555691.4817958,-0.2199999988079071,3.7829999923706055,3.7820000648498535,3.7720000743865967,3.7809998989105225,3.7839999198913574,3.757999897003174,0.004545125118955293,0.004546208839775264,0.004546208839775264,-0.0,0.004545125118955293,0.004545125118955293
1753555691.6408224,0.0,3.7820000648498535,3.7820000648498535,3.7720000743865967,3.7809998989105225,3.7839999198913574,3.757999897003174,nan,nan,nan,nan,nan,nan
1753555691.8210137,-0.009999999776482582,3.7820000648498535,3.7820000648498535,3.7720000743865967,3.7809998989105225,3.7839999198913574,3.757999897003174,nan,nan,nan,nan,nan,nan
1753555692.002243,-0.009999999776482582,3.7829999923706055,3.7820000648498535,3.7720000743865967,3.7809998989105225,3.7839999198913574,3.757999897003174,nan,nan,nan,nan,nan,nan
1753555692.1681128,0.0,3.7820000648498535,3.7820000648498535,3.7720000743865967,3.7820000648498535,3.7839999198913574,3.757999897003174,nan,nan,nan,nan,nan,nan
1753555692.3413463,-0.009999999776482582,3.7829999923706055,3.7820000648498535,3.7720000743865967,3.7820000648498535,3.7839999198913574,3.757999897003174,nan,nan,nan,nan,nan,nan
1753555692.5245483,0.0,3.7829999923706055,3.7820000648498535,3.7720000743865967,3.7809998989105225,3.7839999198913574,3.757999897003174,nan,nan,nan,nan,nan,nan
1753555692.685009,0.0,3.7820000648498535,3.7820000648498535,3.7720000743865967,3.7820000648498535,3.7839999198913574,3.757999897003174,nan,nan,nan,nan,nan,nan
1753555692.8624592,0.0,3.7829999923706055,3.7820000648498535,3.7720000743865967,3.7809998989105225,3.7839999198913574,3.757999897003174,nan,nan,nan,nan,nan,nan
1753555693.0187187,0.009999999776482582,3.7820000648498535,3.7820000648498535,3.7720000743865967,3.7820000648498535,3.7839999198913574,3.757999897003174,nan,nan,nan,nan,nan,nan
1753555693.2016804,0.0,3.7829999923706055,3.7820000648498535,3.7720000743865967,3.7820000648498535,3.7839999198913574,3.757999897003174,nan,nan,nan,nan,nan,nan
1753555693.4042633,0.009999999776482582,3.7829999923706055,3.7820000648498535,3.7720000743865967,3.7809998989105225,3.7839999198913574,3.757999897003174,nan,nan,nan,nan,nan,nan
1753555693.4399555,0.009999999776482582,3.7829999923706055,3.7820000648498535,3.7720000743865967,3.7809998989105225,3.7839999198913574,3.759000062942505,nan,nan,nan,nan,nan,nan
1753555698.5087082,0.0,3.7829999923706055,3.7820000648498535,3.7720000743865967,3.7820000648498535,3.7839999198913574,3.757999897003174,nan,nan,nan,nan,nan,nan
1753555703.5654287,0.009999999776482582,3.7829999923706055,3.7820000648498535,3.7720000743865967,3.7820000648498535,3.7839999198913574,3.757999897003174,nan,nan,nan,nan,nan,nan
1753555708.6181235,0.009999999776482582,3.7829999923706055,3.7820000648498535,3.7720000743865967,3.7820000648498535,3.7839999198913574,3.759000062942505,nan,nan,nan,nan,nan,nan
1753555713.6796064,0.0,3.7829999923706055,3.7820000648498535,3.7720000743865967,3.7820000648498535,3.7839999198913574,3.757999897003174,nan,nan,nan,nan,nan,nan
1753555718.7467985,0.009999999776482582,3.7829999923706055,3.7820000648498535,3.7720000743865967,3.7820000648498535,3.7839999198913574,3.757999897003174,nan,nan,nan,nan,nan,nan
1753555723.8027868,0.0,3.7829999923706055,3.7820000648498535,3.7720000743865967,3.7820000648498535,3.7839999198913574,3.759000062942505,nan,nan,nan,nan,nan,nan
1753555728.8607297,0.0,3.7829999923706055,3.7820000648498535,3.7720000743865967,3.7820000648498535,3.7839999198913574,3.759000062942505,nan,nan,nan,nan,nan,nan
1753555733.9202092,0.009999999776482582,3.7829999923706055,3.7820000648498535,3.7720000743865967,3.7820000648498535,3.7839999198913574,3.757999897003174,nan,nan,nan,nan,nan,nan
1753555739.080665,-0.23000000417232513,3.7820000648498535,3.7820000648498535,3.7720000743865967,3.7809998989105225,3.7829999923706055,3.756999969482422,-0.0043475108809248875,-0.0,-0.0,-0.004348547483423916,-0.0043475108809248875,-0.0043475108809248875
1753555739.2590165,-0.23999999463558197,3.7820000648498535,3.7820000648498535,3.7720000743865967,3.7809998989105225,3.7829999923706055,3.757999897003174,-0.0,-0.0,-0.0,-0.0,-0.0,0.004166364762925314
1753555739.4417224,-0.2199999988079071,3.7820000648498535,3.7820000648498535,3.7720000743865967,3.7809998989105225,3.7829999923706055,3.757999897003174,-0.0,-0.0,-0.0,-0.0,-0.0,-0.0
1753555739.5971847,-0.23000000417232513,3.7820000648498535,3.7809998989105225,3.7720000743865967,3.7809998989105225,3.7829999923706055,3.757999897003174,-0.0,-0.004348547483423916,-0.0,-0.0,-0.0,-0.0
1753555739.7773607,-0.23000000417232513,3.7820000648498535,3.7820000648498535,3.7720000743865967,3.7809998989105225,3.7829999923706055,3.757999897003174,-0.0,0.004348547483423916,-0.0,-0.0,-0.0,-0.0
1753555739.941986,-0.23000000417232513,3.7820000648498535,3.7809998989105225,3.7720000743865967,3.7809998989105225,3.7829999923706055,3.757999897003174,-0.0,-0.004348547483423916,-0.0,-0.0,-0.0,-0.0
1753555740.1185865,-0.2199999988079071,3.7820000648498535,3.7820000648498535,3.7720000743865967,3.7809998989105225,3.7829999923706055,3.756999969482422,-0.0,0.004546208839775264,-0.0,-0.0,-0.0,-0.004545125118955293
1753555740.2970746,-0.2199999988079071,3.7820000648498535,3.7820000648498535,3.7720000743865967,3.7809998989105225,3.7829999923706055,3.757999897003174,-0.0,-0.0,-0.0,-0.0,-0.0,0.004545125118955293
1753555740.4598045,-0.23999999463558197,3.7820000648498535,3.7809998989105225,3.7720000743865967,3.7809998989105225,3.7829999923706055,3.756999969482422,-0.0,-0.004167358173693775,-0.0,-0.0,-0.0,-0.004166364762925314
1753555740.6390336,-0.23000000417232513,3.7820000648498535,3.7809998989105225,3.7720000743865967,3.7809998989105225,3.7829999923706055,3.757999897003174,-0.0,-0.0,-0.0,-0.0,-0.0,0.0043475108809248875
1753555740.8188968,-0.23999999463558197,3.7820000648498535,3.7809998989105225,3.7709999084472656,3.7809998989105225,3.7829999923706055,3.756999969482422,-0.0,-0.0,-0.004167358173693775,-0.0,-0.0,-0.004166364762925314
1753555740.9789407,-0.23000000417232513,3.7820000648498535,3.7809998989105225,3.7720000743865967,3.7809998989105225,3.7829999923706055,3.757999897003174,-0.0,-0.0,0.004348547483423916,-0.0,-0.0,0.0043475108809248875
1753555741.1588216,-0.23999999463558197,3.7820000648498535,3.7809998989105225,3.7720000743865967,3.7809998989105225,3.7829999923706055,3.757999897003174,-0.0,-0.0,-0.0,-0.0,-0.0,-0.0
1753555741.321064,-0.2199999988079071,3.7820000648498535,3.7809998989105225,3.7709999084472656,3.7809998989105225,3.7829999923706055,3.757999897003174,-0.0,-0.0,-0.004546208839775264,-0.0,-0.0,-0.0
1753555741.4999194,-0.2199999988079071,3.7820000648498535,3.7809998989105225,3.7720000743865967,3.7809998989105225,3.7829999923706055,3.757999897003174,-0.0,-0.0,0.004546208839775264,-0.0,-0.0,-0.0
1753555741.6790524,-0.23999999463558197,3.7820000648498535,3.7820000648498535,3.7709999084472656,3.7809998989105225,3.7829999923706055,3.756999969482422,-0.0,0.004167358173693775,-0.004167358173693775,-0.0,-0.0,-0.004166364762925314
1753555741.839134,-0.2199999988079071,3.7820000648498535,3.7809998989105225,3.7709999084472656,3.7809998989105225,3.7829999923706055,3.756999969482422,-0.0,-0.004546208839775264,-0.0,-0.0,-0.0,-0.0
1753555742.0336132,-0.23000000417232513,3.7820000648498535,3.7820000648498535,3.7720000743865967,3.7809998989105225,3.7829999923706055,3.756999969482422,-0.0,0.004348547483423916,0.004348547483423916,-0.0,-0.0,-0.0
1753555742.1898808,-0.2199999988079071,3.7820000648498535,3.7809998989105225,3.7709999084472656,3.7809998989105225,3.7829999923706055,3.757999897003174,-0.0,-0.004546208839775264,-0.004546208839775264,-0.0,-0.0,0.004545125118955293
1753555742.3587565,-0.2199999988079071,3.7820000648498535,3.7809998989105225,3.7720000743865967,3.7809998989105225,3.7829999923706055,3.757999897003174,-0.0,-0.0,0.004546208839775264,-0.0,-0.0,-0.0
1753555742.5487223,-0.2199999988079071,3.7820000648498535,3.7809998989105225,3.7720000743865967,3.7809998989105225,3.7829999923706055,3.756999969482422,-0.0,-0.0,-0.0,-0.0,-0.0,-0.004545125118955293
1753555742.6987388,-0.25,3.7820000648498535,3.7809998989105225,3.7709999084472656,3.7809998989105225,3.7829999923706055,3.757999897003174,-0.0,-0.0,-0.004000663757324219,-0.0,-0.0,0.0039997100830078125
1753555742.88267,-0.23000000417232513,3.7820000648498535,3.7809998989105225,3.7720000743865967,3.7809998989105225,3.7829999923706055,3.756999969482422,-0.0,-0.0,0.004348547483423916,-0.0,-0.0,-0.0043475108809248875
1753555743.0425599,-0.25,3.7820000648498535,3.7820000648498535,3.7720000743865967,3.7809998989105225,3.7829999923706055,3.756999969482422,-0.0,0.004000663757324219,-0.0,-0.0,-0.0,-0.0
1753555743.2208524,-0.23999999463558197,3.7820000648498535,3.7809998989105225,3.7709999084472656,3.7809998989105225,3.7829999923706055,3.756999969482422,-0.0,-0.004167358173693775,-0.004167358173693775,-0.0,-0.0,-0.0
1753555743.4019709,-0.23000000417232513,3.7820000648498535,3.7809998989105225,3.7720000743865967,3.7809998989105225,3.7829999923706055,3.756999969482422,-0.0,-0.0,0.004348547483423916,-0.0,-0.0,-0.0
1753555743.557181,-0.23999999463558197,3.7820000648498535,3.7809998989105225,3.7720000743865967,3.7809998989105225,3.7829999923706055,3.756999969482422,-0.0,-0.0,-0.0,-0.0,-0.0,-0.0
1753555743.738894,-0.25,3.7820000648498535,3.7809998989105225,3.7720000743865967,3.7809998989105225,3.7829999923706055,3.756999969482422,-0.0,-0.0,-0.0,-0.0,-0.0,-0.0
1753555743.925991,-0.2199999988079071,3.7820000648498535,3.7809998989105225,3.7720000743865967,3.7809998989105225,3.7829999923706055,3.757999897003174,-0.0,-0.0,-0.0,-0.0,-0.0,0.004545125118955293
1753555744.0804667,-0.2199999988079071,3.7820000648498535,3.7809998989105225,3.7709999084472656,3.7809998989105225,3.7829999923706055,3.757999897003174,-0.0,-0.0,-0.004546208839775264,-0.0,-0.0,-0.0
1753555744.262062,-0.23000000417232513,3.7820000648498535,3.7809998989105225,3.7709999084472656,3.7809998989105225,3.7829999923706055,3.757999897003174,-0.0,-0.0,-0.0,-0.0,-0.0,-0.0
1753555744.4220185,-0.2199999988079071,3.7820000648498535,3.7809998989105225,3.7709999084472656,3.7809998989105225,3.7829999923706055,3.757999897003174,-0.0,-0.0,-0.0,-0.0,-0.0,-0.0
1753555744.6083534,-0.23000000417232513,3.7820000648498535,3.7809998989105225,3.7709999084472656,3.7809998989105225,3.7829999923706055,3.756999969482422,-0.0,-0.0,-0.0,-0.0,-0.0,-0.0043475108809248875
1753555744.7860227,-0.23999999463558197,3.7820000648498535,3.7809998989105225,3.7709999084472656,3.7809998989105225,3.7829999923706055,3.756999969482422,-0.0,-0.0,-0.0,-0.0,-0.0,-0.0
1753555744.9430966,-0.23999999463558197,3.7820000648498535,3.7809998989105225,3.7720000743865967,3.7809998989105225,3.7829999923706055,3.756999969482422,-0.0,-0.0,0.004167358173693775,-0.0,-0.0,-0.0
1753555745.1295998,-0.23999999463558197,3.7820000648498535,3.7809998989105225,3.7709999084472656,3.7809998989105225,3.7829999923706055,3.756999969482422,-0.0,-0.0,-0.004167358173693775,-0.0,-0.0,-0.0
1753555745.3064682,-0.23999999463558197,3.7820000648498535,3.7809998989105225,3.7709999084472656,3.7809998989105225,3.7829999923706055,3.757999897003174,-0.0,-0.0,-0.0,-0.0,-0.0,0.004166364762925314
1753555745.462721,-0.23000000417232513,3.7820000648498535,3.7809998989105225,3.7709999084472656,3.7809998989105225,3.7829999923706055,3.756999969482422,-0.0,-0.0,-0.0,-0.0,-0.0,-0.0043475108809248875
1753555745.6500232,-0.2199999988079071,3.7820000648498535,3.7820000648498535,3.7709999084472656,3.7799999713897705,3.7829999923706055,3.756999969482422,-0.0,0.004546208839775264,-0.0,-0.004545125118955293,-0.0,-0.0
1753555745.8077755,-0.2199999988079071,3.7820000648498535,3.7809998989105225,3.7709999084472656,3.7809998989105225,3.7829999923706055,3.756999969482422,-0.0,-0.004546208839775264,-0.0,0.004545125118955293,-0.0,-0.0
1753555745.9775698,-0.25,3.7820000648498535,3.7809998989105225,3.7709999084472656,3.7799999713897705,3.7829999923706055,3.756999969482422,-0.0,-0.0,-0.0,-0.0039997100830078125,-0.0,-0.0
1753555746.1607518,-0.2199999988079071,3.7820000648498535,3.7809998989105225,3.7709999084472656,3.7799999713897705,3.7829999923706055,3.756999969482422,-0.0,-0.0,-0.0,-0.0,-0.0,-0.0
1753555746.32023,-0.23000000417232513,3.7820000648498535,3.7809998989105225,3.7709999084472656,3.7799999713897705,3.7829999923706055,3.756999969482422,-0.0,-0.0,-0.0,-0.0,-0.0,-0.0
1753555746.4977465,-0.23000000417232513,3.7820000648498535,3.7809998989105225,3.7709999084472656,3.7809998989105225,3.7829999923706055,3.757999897003174,-0.0,-0.0,-0.0,0.0043475108809248875,-0.0,0.0043475108809248875
1753555746.656912,-0.2199999988079071,3.7820000648498535,3.7809998989105225,3.7709999084472656,3.7809998989105225,3.7829999923706055,3.756999969482422,-0.0,-0.0,-0.0,-0.0,-0.0,-0.004545125118955293
1753555746.8413258,-0.2199999988079071,3.7820000648498535,3.7809998989105225,3.7709999084472656,3.7799999713897705,3.7829999923706055,3.756999969482422,-0.0,-0.0,-0.0,-0.004545125118955293,-0.0,-0.0
1753555747.0177567,-0.23000000417232513,3.7820000648498535,3.7809998989105225,3.7709999084472656,3.7799999713897705,3.7829999923706055,3.756999969482422,-0.0,-0.0,-0.0,-0.0,-0.0,-0.0
1753555747.1833115,-0.23000000417232513,3.7820000648498535,3.7809998989105225,3.7709999084472656,3.7809998989105225,3.7829999923706055,3.756999969482422,-0.0,-0.0,-0.0,0.0043475108809248875,-0.0,-0.0
1753555747.3607693,-0.23999999463558197,3.7820000648498535,3.7809998989105225,3.7709999084472656,3.7809998989105225,3.7829999923706055,3.756999969482422,-0.0,-0.0,-0.0,-0.0,-0.0,-0.0
1753555747.5394552,-0.2199999988079071,3.7820000648498535,3.7809998989105225,3.7709999084472656,3.7809998989105225,3.7829999923706055,3.756999969482422,-0.0,-0.0,-0.0,-0.0,-0.0,-0.0
1753555747.7141135,-0.25,3.7820000648498535,3.7809998989105225,3.7709999084472656,3.7809998989105225,3.7829999923706055,3.756999969482422,-0.0,-0.0,-0.0,-0.0,-0.0,-0.0
1753555747.879411,-0.23000000417232513,3.7820000648498535,3.7809998989105225,3.7709999084472656,3.7799999713897705,3.7829999923706055,3.756999969482422,-0.0,-0.0,-0.0,-0.0043475108809248875,-0.0,-0.0
1753555748.0384784,-0.23999999463558197,3.7820000648498535,3.7809998989105225,3.7709999084472656,3.7809998989105225,3.7829999923706055,3.756999969482422,-0.0,-0.0,-0.0,0.004166364762925314,-0.0,-0.0
1753555748.2225616,-0.23000000417232513,3.7820000648498535,3.7809998989105225,3.7709999084472656,3.7809998989105225,3.7829999923706055,3.756999969482422,-0.0,-0.0,-0.0,-0.0,-0.0,-0.0
1753555748.4048004,-0.23999999463558197,3.7820000648498535,3.7809998989105225,3.7709999084472656,3.7799999713897705,3.7829999923706055,3.757999897003174,-0.0,-0.0,-0.0,-0.004166364762925314,-0.0,0.004166364762925314
1753555748.560019,-0.2199999988079071,3.7820000648498535,3.7809998989105225,3.7709999084472656,3.7809998989105225,3.7829999923706055,3.756999969482422,-0.0,-0.0,-0.0,0.004545125118955293,-0.0,-0.004545125118955293
1753555748.7376904,-0.23999999463558197,3.7820000648498535,3.7809998989105225,3.7709999084472656,3.7799999713897705,3.7829999923706055,3.756999969482422,-0.0,-0.0,-0.0,-0.004166364762925314,-0.0,-0.0
1753555748.9024396,-0.23999999463558197,3.7820000648498535,3.7809998989105225,3.7709999084472656,3.7809998989105225,3.7829999923706055,3.757999897003174,-0.0,-0.0,-0.0,0.004166364762925314,-0.0,0.004166364762925314
1753555749.0869627,-0.23000000417232513,3.7820000648498535,3.7809998989105225,3.7709999084472656,3.7809998989105225,3.7829999923706055,3.756999969482422,-0.0,-0.0,-0.0,-0.0,-0.0,-0.0043475108809248875
1753555749.2628658,-0.2199999988079071,3.7820000648498535,3.7809998989105225,3.7709999084472656,3.7809998989105225,3.7829999923706055,3.756999969482422,-0.0,-0.0,-0.0,-0.0,-0.0,-0.0
1753555749.420711,-0.23000000417232513,3.7820000648498535,3.7809998989105225,3.7709999084472656,3.7799999713897705,3.7829999923706055,3.756999969482422,-0.0,-0.0,-0.0,-0.0043475108809248875,-0.0,-0.0
1753555749.597485,-0.25,3.7820000648498535,3.7809998989105225,3.7709999084472656,3.7809998989105225,3.7829999923706055,3.757999897003174,-0.0,-0.0,-0.0,0.0039997100830078125,-0.0,0.0039997100830078125
1753555749.7598777,-0.23000000417232513,3.7820000648498535,3.7809998989105225,3.7709999084472656,3.7799999713897705,3.7829999923706055,3.756999969482422,-0.0,-0.0,-0.0,-0.0043475108809248875,-0.0,-0.0043475108809248875
1753555749.9382143,-0.2199999988079071,3.7820000648498535,3.7809998989105225,3.7709999084472656,3.7799999713897705,3.7829999923706055,3.756999969482422,-0.0,-0.0,-0.0,-0.0,-0.0,-0.0
1753555750.1176753,-0.23000000417232513,3.7820000648498535,3.7809998989105225,3.7709999084472656,3.7799999713897705,3.7829999923706055,3.756999969482422,-0.0,-0.0,-0.0,-0.0,-0.0,-0.0
1753555750.2783735,-0.23999999463558197,3.7820000648498535,3.7809998989105225,3.7709999084472656,3.7809998989105225,3.7829999923706055,3.756999969482422,-0.0,-0.0,-0.0,0.004166364762925314,-0.0,-0.0
1753555750.4581108,-0.2199999988079071,3.7820000648498535,3.7809998989105225,3.7709999084472656,3.7809998989105225,3.7829999923706055,3.756999969482422,-0.0,-0.0,-0.0,-0.0,-0.0,-0.0
1753555750.640084,-0.23999999463558197,3.7820000648498535,3.7809998989105225,3.7709999084472656,3.7809998989105225,3.7829999923706055,3.756999969482422,-0.0,-0.0,-0.0,-0.0,-0.0,-0.0
1753555750.7995114,-0.23999999463558197,3.7820000648498535,3.7809998989105225,3.7709999084472656,3.7809998989105225,3.7829999923706055,3.756999969482422,-0.0,-0.0,-0.0,-0.0,-0.0,-0.0
1753555750.9781075,-0.23999999463558197,3.7820000648498535,3.7809998989105225,3.7709999084472656,3.7809998989105225,3.7829999923706055,3.756999969482422,-0.0,-0.0,-0.0,-0.0,-0.0,-0.0
1753555751.142339,-0.2199999988079071,3.7820000648498535,3.7809998989105225,3.7709999084472656,3.7799999713897705,3.7829999923706055,3.756999969482422,-0.0,-0.0,-0.0,-0.004545125118955293,-0.0,-0.0
1753555751.3198645,-0.2199999988079071,3.7820000648498535,3.7809998989105225,3.7709999084472656,3.7809998989105225,3.7829999923706055,3.756999969482422,-0.0,-0.0,-0.0,0.004545125118955293,-0.0,-0.0
1753555751.4972026,-0.23000000417232513,3.7820000648498535,3.7809998989105225,3.7709999084472656,3.7799999713897705,3.7829999923706055,3.756999969482422,-0.0,-0.0,-0.0,-0.0043475108809248875,-0.0,-0.0
1753555751.6582608,-0.23000000417232513,3.7820000648498535,3.7809998989105225,3.7709999084472656,3.7809998989105225,3.7829999923706055,3.756999969482422,-0.0,-0.0,-0.0,0.0043475108809248875,-0.0,-0.0
1753555751.8377986,-0.23000000417232513,3.7820000648498535,3.7809998989105225,3.7709999084472656,3.7809998989105225,3.7829999923706055,3.756999969482422,-0.0,-0.0,-0.0,-0.0,-0.0,-0.0
1753555752.008426,-0.23999999463558197,3.7820000648498535,3.7809998989105225,3.7709999084472656,3.7799999713897705,3.7829999923706055,3.756999969482422,-0.0,-0.0,-0.0,-0.004166364762925314,-0.0,-0.0
1753555752.1817665,-0.2199999988079071,3.7820000648498535,3.7809998989105225,3.7709999084472656,3.7809998989105225,3.7829999923706055,3.757999897003174,-0.0,-0.0,-0.0,0.004545125118955293,-0.0,0.004545125118955293
1753555752.3581371,-0.2199999988079071,3.7820000648498535,3.7809998989105225,3.7709999084472656,3.7809998989105225,3.7829999923706055,3.756999969482422,-0.0,-0.0,-0.0,-0.0,-0.0,-0.004545125118955293
1753555752.5558755,-0.23000000417232513,3.7820000648498535,3.7809998989105225,3.7709999084472656,3.7809998989105225,3.7829999923706055,3.756999969482422,-0.0,-0.0,-0.0,-0.0,-0.0,-0.0
1753555752.708593,-0.2199999988079071,3.7820000648498535,3.7809998989105225,3.7709999084472656,3.7799999713897705,3.7829999923706055,3.756999969482422,-0.0,-0.0,-0.0,-0.004545125118955293,-0.0,-0.0
1753555752.8600113,-0.23000000417232513,3.7820000648498535,3.7809998989105225,3.7709999084472656,3.7799999713897705,3.7829999923706055,3.756999969482422,-0.0,-0.0,-0.0,-0.0,-0.0,-0.0
1753555753.043721,-0.2199999988079071,3.7820000648498535,3.7809998989105225,3.7709999084472656,3.7799999713897705,3.7829999923706055,3.756999969482422,-0.0,-0.0,-0.0,-0.0,-0.0,-0.0
1753555753.2215667,-0.2199999988079071,3.7820000648498535,3.7809998989105225,3.7709999084472656,3.7809998989105225,3.7829999923706055,3.756999969482422,-0.0,-0.0,-0.0,0.004545125118955293,-0.0,-0.0
1753555753.3771996,-0.23000000417232513,3.7820000648498535,3.7809998989105225,3.7709999084472656,3.7809998989105225,3.7829999923706055,3.756999969482422,-0.0,-0.0,-0.0,-0.0,-0.0,-0.0
1753555753.5660214,-0.23999999463558197,3.7820000648498535,3.7809998989105225,3.7709999084472656,3.7809998989105225,3.7829999923706055,3.756999969482422,-0.0,-0.0,-0.0,-0.0,-0.0,-0.0
1753555753.7538085,-0.23000000417232513,3.7820000648498535,3.7809998989105225,3.7709999084472656,3.7799999713897705,3.7829999923706055,3.756999969482422,-0.0,-0.0,-0.0,-0.0043475108809248875,-0.0,-0.0
1753555753.8976552,-0.2199999988079071,3.7820000648498535,3.7809998989105225,3.7709999084472656,3.7799999713897705,3.7829999923706055,3.756999969482422,-0.0,-0.0,-0.0,-0.0,-0.0,-0.0
1753555754.07798,-0.23000000417232513,3.7820000648498535,3.7809998989105225,3.7709999084472656,3.7799999713897705,3.7829999923706055,3.756999969482422,-0.0,-0.0,-0.0,-0.0,-0.0,-0.0
1753555754.2377906,-0.23000000417232513,3.7820000648498535,3.7809998989105225,3.7709999084472656,3.7799999713897705,3.7829999923706055,3.756999969482422,-0.0,-0.0,-0.0,-0.0,-0.0,-0.0
1753555754.4355042,-0.2199999988079071,3.7820000648498535,3.7809998989105225,3.7709999084472656,3.7799999713897705,3.7829999923706055,3.756999969482422,-0.0,-0.0,-0.0,-0.0,-0.0,-0.0
1753555754.6051009,-0.23999999463558197,3.7820000648498535,3.7809998989105225,3.7709999084472656,3.7809998989105225,3.7820000648498535,3.756999969482422,-0.0,-0.0,-0.0,0.004166364762925314,-0.004166364762925314,-0.0
1753555754.7575536,-0.2199999988079071,3.7820000648498535,3.7809998989105225,3.7709999084472656,3.7799999713897705,3.7829999923706055,3.757999897003174,-0.0,-0.0,-0.0,-0.004545125118955293,0.004545125118955293,0.004545125118955293
1753555754.937087,-0.2199999988079071,3.7820000648498535,3.7809998989105225,3.7709999084472656,3.7809998989105225,3.7829999923706055,3.756999969482422,-0.0,-0.0,-0.0,0.004545125118955293,-0.0,-0.004545125118955293
1753555755.1044064,-0.23000000417232513,3.7820000648498535,3.7809998989105225,3.7709999084472656,3.7799999713897705,3.7829999923706055,3.756999969482422,-0.0,-0.0,-0.0,-0.0043475108809248875,-0.0,-0.0
1753555755.2794352,-0.23000000417232513,3.7820000648498535,3.7809998989105225,3.7709999084472656,3.7799999713897705,3.7829999923706055,3.756999969482422,-0.0,-0.0,-0.0,-0.0,-0.0,-0.0
1753555755.4636204,-0.2199999988079071,3.7820000648498535,3.7809998989105225,3.7709999084472656,3.7799999713897705,3.7829999923706055,3.756999969482422,-0.0,-0.0,-0.0,-0.0,-0.0,-0.0
1753555755.6228356,-0.23000000417232513,3.7820000648498535,3.7809998989105225,3.7709999084472656,3.7809998989105225,3.7829999923706055,3.756999969482422,-0.0,-0.0,-0.0,0.0043475108809248875,-0.0,-0.0
1753555755.8001664,-0.25,3.7820000648498535,3.7809998989105225,3.7709999084472656,3.7799999713897705,3.7829999923706055,3.756999969482422,-0.0,-0.0,-0.0,-0.0039997100830078125,-0.0,-0.0
1753555755.9811943,-0.23000000417232513,3.7820000648498535,3.7809998989105225,3.7709999084472656,3.7799999713897705,3.7829999923706055,3.757999897003174,-0.0,-0.0,-0.0,-0.0,-0.0,0.0043475108809248875
1753555756.1392016,-0.2199999988079071,3.7820000648498535,3.7809998989105225,3.7709999084472656,3.7799999713897705,3.7829999923706055,3.756999969482422,-0.0,-0.0,-0.0,-0.0,-0.0,-0.004545125118955293
1753555756.323768,-0.23000000417232513,3.7820000648498535,3.7809998989105225,3.7709999084472656,3.7809998989105225,3.7829999923706055,3.756999969482422,-0.0,-0.0,-0.0,0.0043475108809248875,-0.0,-0.0
1753555756.4883425,-0.2199999988079071,3.7820000648498535,3.7809998989105225,3.7709999084472656,3.7799999713897705,3.7829999923706055,3.756999969482422,-0.0,-0.0,-0.0,-0.004545125118955293,-0.0,-0.0
1753555756.6643264,-0.23000000417232513,3.7820000648498535,3.7809998989105225,3.7709999084472656,3.7799999713897705,3.7829999923706055,3.756999969482422,-0.0,-0.0,-0.0,-0.0,-0.0,-0.0
1753555756.8408258,-0.23999999463558197,3.7809998989105225,3.7809998989105225,3.7709999084472656,3.7799999713897705,3.7829999923706055,3.756999969482422,-0.004167358173693775,-0.0,-0.0,-0.0,-0.0,-0.0
1753555757.0011296,-0.23999999463558197,3.7820000648498535,3.7809998989105225,3.7709999084472656,3.7809998989105225,3.7820000648498535,3.756999969482422,0.004167358173693775,-0.0,-0.0,0.004166364762925314,-0.004166364762925314,-0.0
1753555757.177182,-0.23999999463558197,3.7820000648498535,3.7809998989105225,3.7709999084472656,3.7799999713897705,3.7829999923706055,3.756999969482422,-0.0,-0.0,-0.0,-0.004166364762925314,0.004166364762925314,-0.0
1753555757.3492675,-0.23000000417232513,3.7820000648498535,3.7809998989105225,3.7709999084472656,3.7799999713897705,3.7829999923706055,3.756999969482422,-0.0,-0.0,-0.0,-0.0,-0.0,-0.0
1753555757.5240846,-0.23999999463558197,3.7820000648498535,3.7809998989105225,3.7709999084472656,3.7799999713897705,3.7829999923706055,3.756999969482422,-0.0,-0.0,-0.0,-0.0,-0.0,-0.0
1753555757.7026737,-0.23999999463558197,3.7820000648498535,3.7809998989105225,3.7709999084472656,3.7799999713897705,3.7829999923706055,3.756999969482422,-0.0,-0.0,-0.0,-0.0,-0.0,-0.0
1753555757.8596334,-0.2199999988079071,3.7820000648498535,3.7809998989105225,3.7709999084472656,3.7799999713897705,3.7829999923706055,3.756999969482422,-0.0,-0.0,-0.0,-0.0,-0.0,-0.0
1753555758.0382562,-0.23000000417232513,3.7820000648498535,3.7809998989105225,3.7709999084472656,3.7799999713897705,3.7829999923706055,3.756999969482422,-0.0,-0.0,-0.0,-0.0,-0.0,-0.0
1753555758.1971245,-0.2199999988079071,3.7820000648498535,3.7809998989105225,3.7709999084472656,3.7809998989105225,3.7829999923706055,3.756999969482422,-0.0,-0.0,-0.0,0.004545125118955293,-0.0,-0.0
1753555758.3826318,-0.23000000417232513,3.7820000648498535,3.7809998989105225,3.7709999084472656,3.7799999713897705,3.7820000648498535,3.756999969482422,-0.0,-0.0,-0.0,-0.0043475108809248875,-0.0043475108809248875,-0.0
1753555758.5606182,-0.2199999988079071,3.7820000648498535,3.7809998989105225,3.7709999084472656,3.7809998989105225,3.7829999923706055,3.756999969482422,-0.0,-0.0,-0.0,0.004545125118955293,0.004545125118955293,-0.0
1753555758.721529,-0.23000000417232513,3.7820000648498535,3.7809998989105225,3.7709999084472656,3.7799999713897705,3.7829999923706055,3.756999969482422,-0.0,-0.0,-0.0,-0.0043475108809248875,-0.0,-0.0
1753555758.9041471,-0.23000000417232513,3.7820000648498535,3.7809998989105225,3.7709999084472656,3.7809998989105225,3.7829999923706055,3.756999969482422,-0.0,-0.0,-0.0,0.0043475108809248875,-0.0,-0.0
1753555759.080571,-0.23999999463558197,3.7820000648498535,3.7809998989105225,3.7709999084472656,3.7799999713897705,3.7829999923706055,3.756999969482422,-0.0,-0.0,-0.0,-0.004166364762925314,-0.0,-0.0
1753555759.2373104,-0.23000000417232513,3.7820000648498535,3.7809998989105225,3.7709999084472656,3.7799999713897705,3.7829999923706055,3.756999969482422,-0.0,-0.0,-0.0,-0.0,-0.0,-0.0
1753555759.4174128,-0.23000000417232513,3.7820000648498535,3.7809998989105225,3.7709999084472656,3.7799999713897705,3.7829999923706055,3.756999969482422,-0.0,-0.0,-0.0,-0.0,-0.0,-0.0
1753555759.5809708,-0.23999999463558197,3.7820000648498535,3.7809998989105225,3.7709999084472656,3.7799999713897705,3.7829999923706055,3.756999969482422,-0.0,-0.0,-0.0,-0.0,-0.0,-0.0
1753555759.7577426,-0.23000000417232513,3.7820000648498535,3.7809998989105225,3.7709999084472656,3.7799999713897705,3.7829999923706055,3.756999969482422,-0.0,-0.0,-0.0,-0.0,-0.0,-0.0
1753555759.9395192,-0.23000000417232513,3.7820000648498535,3.7809998989105225,3.7709999084472656,3.7799999713897705,3.7820000648498535,3.756999969482422,-0.0,-0.0,-0.0,-0.0,-0.0043475108809248875,-0.0
1753555760.0985212,-0.2199999988079071,3.7809998989105225,3.7809998989105225,3.7709999084472656,3.7799999713897705,3.7829999923706055,3.756999969482422,-0.004546208839775264,-0.0,-0.0,-0.0,0.004545125118955293,-0.0
1753555760.2833452,-0.2199999988079071,3.7820000648498535,3.7809998989105225,3.7709999084472656,3.7799999713897705,3.7829999923706055,3.756999969482422,0.004546208839775264,-0.0,-0.0,-0.0,-0.0,-0.0
1753555760.4475193,-0.23999999463558197,3.7820000648498535,3.7809998989105225,3.7709999084472656,3.7799999713897705,3.7820000648498535,3.756999969482422,-0.0,-0.0,-0.0,-0.0,-0.004166364762925314,-0.0
1753555760.6220045,-0.23000000417232513,3.7820000648498535,3.7809998989105225,3.7709999084472656,3.7799999713897705,3.7829999923706055,3.756999969482422,-0.0,-0.0,-0.0,-0.0,0.0043475108809248875,-0.0
1753555760.8028786,-0.23999999463558197,3.7820000648498535,3.7809998989105225,3.7709999084472656,3.7799999713897705,3.7829999923706055,3.756999969482422,-0.0,-0.0,-0.0,-0.0,-0.0,-0.0
1753555760.9608076,-0.2199999988079071,3.7820000648498535,3.7809998989105225,3.7709999084472656,3.7799999713897705,3.7829999923706055,3.756999969482422,-0.0,-0.0,-0.0,-0.0,-0.0,-0.0
1753555761.1399925,-0.23999999463558197,3.7820000648498535,3.7809998989105225,3.7709999084472656,3.7799999713897705,3.7829999923706055,3.756999969482422,-0.0,-0.0,-0.0,-0.0,-0.0,-0.0
1753555761.3258207,-0.23000000417232513,3.7820000648498535,3.7809998989105225,3.7709999084472656,3.7799999713897705,3.7829999923706055,3.756999969482422,-0.0,-0.0,-0.0,-0.0,-0.0,-0.0
1753555761.4796617,-0.23000000417232513,3.7820000648498535,3.7809998989105225,3.7709999084472656,3.7799999713897705,3.7829999923706055,3.756999969482422,-0.0,-0.0,-0.0,-0.0,-0.0,-0.0
1753555761.6567023,-0.25,3.7820000648498535,3.7809998989105225,3.7709999084472656,3.7799999713897705,3.7829999923706055,3.756999969482422,-0.0,-0.0,-0.0,-0.0,-0.0,-0.0
1753555761.8187888,-0.2199999988079071,3.7809998989105225,3.7809998989105225,3.7709999084472656,3.7799999713897705,3.7829999923706055,3.756999969482422,-0.004546208839775264,-0.0,-0.0,-0.0,-0.0,-0.0
1753555762.0036185,-0.23000000417232513,3.7809998989105225,3.7809998989105225,3.7709999084472656,3.7799999713897705,3.7829999923706055,3.756999969482422,-0.0,-0.0,-0.0,-0.0,-0.0,-0.0
1753555762.188441,-0.23000000417232513,3.7820000648498535,3.7809998989105225,3.7709999084472656,3.7809998989105225,3.7829999923706055,3.756999969482422,0.004348547483423916,-0.0,-0.0,0.0043475108809248875,-0.0,-0.0
1753555762.3396053,-0.23999999463558197,3.7820000648498535,3.7809998989105225,3.7709999084472656,3.7799999713897705,3.7829999923706055,3.756999969482422,-0.0,-0.0,-0.0,-0.004166364762925314,-0.0,-0.0
1753555762.5199974,-0.23000000417232513,3.7820000648498535,3.7809998989105225,3.7709999084472656,3.7799999713897705,3.7829999923706055,3.756999969482422,-0.0,-0.0,-0.0,-0.0,-0.0,-0.0
1753555762.680855,-0.23999999463558197,3.7820000648498535,3.7809998989105225,3.7709999084472656,3.7799999713897705,3.7829999923706055,3.756999969482422,-0.0,-0.0,-0.0,-0.0,-0.0,-0.0
1753555762.8664067,-0.25,3.7809998989105225,3.7809998989105225,3.7709999084472656,3.7799999713897705,3.7829999923706055,3.756999969482422,-0.004000663757324219,-0.0,-0.0,-0.0,-0.0,-0.0
1753555763.0440075,-0.23999999463558197,3.7820000648498535,3.7809998989105225,3.7709999084472656,3.7809998989105225,3.7829999923706055,3.756999969482422,0.004167358173693775,-0.0,-0.0,0.004166364762925314,-0.0,-0.0
1753555763.1986978,-0.23999999463558197,3.7820000648498535,3.7809998989105225,3.7709999084472656,3.7799999713897705,3.7829999923706055,3.756999969482422,-0.0,-0.0,-0.0,-0.004166364762925314,-0.0,-0.0
1753555763.3804953,-0.25,3.7820000648498535,3.7809998989105225,3.7709999084472656,3.7799999713897705,3.7829999923706055,3.756999969482422,-0.0,-0.0,-0.0,-0.0,-0.0,-0.0
1753555763.5632086,-0.23999999463558197,3.7820000648498535,3.7809998989105225,3.7709999084472656,3.7799999713897705,3.7829999923706055,3.756999969482422,-0.0,-0.0,-0.0,-0.0,-0.0,-0.0
1753555763.7212512,-0.25,3.7820000648498535,3.7809998989105225,3.7709999084472656,3.7799999713897705,3.7820000648498535,3.756999969482422,-0.0,-0.0,-0.0,-0.0,-0.0039997100830078125,-0.0
1753555763.9062474,-0.23000000417232513,3.7820000648498535,3.7809998989105225,3.7709999084472656,3.7799999713897705,3.7829999923706055,3.756999969482422,-0.0,-0.0,-0.0,-0.0,0.0043475108809248875,-0.0
1753555764.0640135,-0.23999999463558197,3.7820000648498535,3.7820000648498535,3.7709999084472656,3.7799999713897705,3.7829999923706055,3.756999969482422,-0.0,0.004167358173693775,-0.0,-0.0,-0.0,-0.0
1753555764.2409167,-0.009999999776482582,3.7820000648498535,3.7820000648498535,3.7720000743865967,3.7809998989105225,3.7829999923706055,3.757999897003174,nan,nan,nan,nan,nan,nan
1753555764.4245129,-0.009999999776482582,3.7820000648498535,3.7809998989105225,3.7720000743865967,3.7809998989105225,3.7829999923706055,3.756999969482422,nan,nan,nan,nan,nan,nan
1753555764.591021,-0.009999999776482582,3.7820000648498535,3.7820000648498535,3.7720000743865967,3.7809998989105225,3.7829999923706055,3.757999897003174,nan,nan,nan,nan,nan,nan
1753555764.7936413,-0.009999999776482582,3.7820000648498535,3.7820000648498535,3.7720000743865967,3.7809998989105225,3.7829999923706055,3.757999897003174,nan,nan,nan,nan,nan,nan
1753555764.8901567,0.0,3.7820000648498535,3.7820000648498535,3.7720000743865967,3.7809998989105225,3.7829999923706055,3.757999897003174,nan,nan,nan,nan,nan,nan
1753555769.9420962,0.009999999776482582,3.7820000648498535,3.7820000648498535,3.7720000743865967,3.7820000648498535,3.7839999198913574,3.757999897003174,nan,nan,nan,nan,nan,nan
1753555775.0013635,0.009999999776482582,3.7820000648498535,3.7820000648498535,3.7720000743865967,3.7809998989105225,3.7839999198913574,3.757999897003174,nan,nan,nan,nan,nan,nan
1753555780.061952,0.009999999776482582,3.7829999923706055,3.7820000648498535,3.7720000743865967,3.7809998989105225,3.7839999198913574,3.757999897003174,nan,nan,nan,nan,nan,nan
