"/bat_state/current_x","/bat_state/current_y","/bat_state/voltage_x","/bat_state/voltage_y"
-102019.4671,0.009999999776,-102019.4671,22.93000031,
-102019.4671,0.009999999776,-102014.4067,22.93499947,
-102014.4067,0.009999999776,-102009.2474,22.91399956,
-102014.4067,0.009999999776,-102009.0685,22.9090004,
-102009.2474,-0.2399999946,-102008.9076,22.86700058,
-102009.0685,-0.2399999946,-102008.7289,22.9090004,
-102008.9076,-0.2300000042,-102008.5677,22.87299919,
-102008.7289,-0.2300000042,-102008.3858,22.91399956,
-102008.5677,-0.2399999946,-102008.2085,22.9090004,
-102008.3858,-0.2199999988,-102008.0476,22.88299942,
-102008.2085,-0.2300000042,-102007.8685,22.93000031,
-102008.0476,0.009999999776,-102007.6883,22.93000031,
-102007.8685,0.009999999776,-102007.5285,22.88800049,
-102007.6883,0.009999999776,-102007.3484,22.93000031,
-102007.6883,0.009999999776,-102007.1891,22.91900063,
-102007.5285,-0.009999999776,-102007.0084,22.93000031,
-102007.5285,-0.009999999776,-102006.8284,22.93499947,
-102007.3484,-0.009999999776,-102006.6684,22.88299942,
-102007.3484,-0.009999999776,-102006.4884,22.93499947,
-102007.1891,0.009999999776,-102006.3278,22.89299965,
-102007.1891,0.009999999776,-102006.1484,22.93000031,
-102007.0084,0,-102005.9681,22.93000031,
-102007.0084,0,-102005.8086,22.91900063,
-102006.8284,0,-102005.6284,22.93000031,
-102006.8284,0,-102005.4481,22.91900063,
-102006.6684,-0.009999999776,-102005.2885,22.88800049,
-102006.6684,-0.009999999776,-102005.1085,22.93000031,
-102006.4884,-0.009999999776,-102004.9471,22.91399956,
-102006.4884,-0.009999999776,-102004.7691,22.93499947,
-102006.3278,0,-102004.5886,22.93000031,
-102006.3278,0,-102004.4278,22.89299965,
-102006.1484,-0.009999999776,-102004.2478,22.93499947,
-102006.1484,-0.009999999776,-102004.0881,22.89900017,
-102005.9681,0.009999999776,-102003.9079,22.93000031,
-102005.9681,0.009999999776,-102003.7261,22.93000031,
-102005.8086,0,-102003.5682,22.87800026,
-102005.8086,0,-102003.3867,22.93499947,
-102005.6284,0,-102003.2288,22.88800049,
-102005.6284,0,-102003.0484,22.93499947,
-102005.4481,0.009999999776,-102002.8645,22.93499947,
-102005.4481,0.009999999776,-102002.7085,22.89299965,
-102005.2885,-0.01999999955,-102002.5282,22.93000031,
-102005.2885,-0.01999999955,-102002.3478,22.93000031,
-102005.1085,0,-102002.1885,22.88299942,
-102005.1085,0,-102002.007,22.93000031,
-102004.9471,0.009999999776,-102001.8458,22.9090004,
-102004.9471,0.009999999776,-102001.6659,22.93000031,
-102004.7691,0.009999999776,-102001.4889,22.93000031,
-102004.7691,0.009999999776,-102001.3288,22.88299942,
-102004.5886,-0.009999999776,-102001.1488,22.93499947,
-102004.4278,0,-102000.9876,22.88800049,
-102004.2478,0,-102000.8085,22.93499947,
-102004.0881,-0.009999999776,-102000.6283,22.93499947,
-102003.9079,0,-102000.4691,22.91399956,
-102003.7261,-0.009999999776,-102000.288,22.93000031,
-102003.5682,-0.009999999776,-102000.1078,22.93499947,
-102003.5682,-0.009999999776,-101999.9469,22.88800049,
-102003.3867,0,-101999.7682,22.93000031,
-102003.3867,0,-101999.6084,22.89299965,
-102003.2288,0,-101999.4279,22.93499947,
-102003.0484,0,-101999.3469,22.93000031,
-102003.0484,0,-101994.2874,22.93000031,
-102002.8645,-0.009999999776,-101989.2275,22.93499947,
-102002.8645,-0.009999999776,-101984.0677,22.91399956,
-102002.7085,0,-101983.908,22.88299942,
-102002.7085,0,-101983.7278,22.9090004,
-102002.5282,-0.009999999776,-101983.5684,22.86199951,
-102002.5282,-0.009999999776,-101983.3862,22.9090004,
-102002.3478,0.009999999776,-101983.2086,22.9090004,
-102002.3478,0.009999999776,-101983.0462,22.9090004,
-102002.1885,0,-101982.8676,22.91399956,
-102002.1885,0,-101982.6885,22.91399956,
-102002.007,0,-101982.5277,22.86700058,
-102002.007,0,-101982.3474,22.90399933,
-102001.8458,0.009999999776,-101982.1879,22.87299919,
-102001.8458,0.009999999776,-101982.0061,22.9090004,
-102001.6659,0,-101981.8277,22.9090004,
-102001.6659,0,-101981.6682,22.87299919,
-102001.4889,0,-101981.4877,22.91399956,
-102001.4889,0,-101981.3285,22.85199928,
-102001.3288,0.009999999776,-101981.1481,22.91399956,
-102001.3288,0.009999999776,-101980.9678,22.9090004,
-102001.1488,0,-101980.8085,22.89299965,
-102001.1488,0,-101980.6282,22.9090004,
-102000.9876,-0.009999999776,-101980.4479,22.9090004,
-102000.9876,-0.009999999776,-101980.2891,22.86199951,
-102000.8085,0.009999999776,-101980.1056,22.91399956,
-102000.8085,0.009999999776,-101979.9469,22.86199951,
-102000.6283,0.009999999776,-101979.7669,22.91399956,
-102000.6283,0.009999999776,-101979.5879,22.9090004,
-102000.4691,-0.009999999776,-101979.4285,22.8409996,
-102000.4691,-0.009999999776,-101979.2485,22.90399933,
-102000.288,0.009999999776,-101979.0892,22.85700035,
-102000.288,0.009999999776,-101978.907,22.91399956,
-102000.1078,-0.009999999776,-101978.7285,22.9090004,
-102000.1078,-0.009999999776,-101978.5676,22.88299942,
-101999.9469,-0.009999999776,-101978.3873,22.91399956,
-101999.9469,-0.009999999776,-101978.208,22.89900017,
-101999.7682,0,-101978.0477,22.83099937,
-101999.7682,0,-101977.8673,22.91399956,
-101999.6084,0.009999999776,-101977.7064,22.89299965,
-101999.6084,0.009999999776,-101977.5276,22.91399956,
-101999.4279,0.009999999776,-101977.3476,22.91900063,
-101999.4279,0.009999999776,-101977.1878,22.85199928,
-101999.3469,0.009999999776,-101977.0076,22.91399956,
-101999.3469,0.009999999776,-101976.848,22.86700058,
-101994.2874,0.009999999776,-101976.6677,22.91399956,
-101994.2874,0.009999999776,-101976.4878,22.90399933,
-101989.2275,0.009999999776,-101976.3282,22.86700058,
-101989.2275,0.009999999776,-101976.148,22.93000031,
-101984.0677,-0.2399999946,-101975.9889,22.88299942,
-101984.0677,-0.2399999946,-101975.8082,22.93499947,
-101983.908,-0.2199999988,-101975.6278,22.92499924,
-101983.908,-0.2199999988,-101975.4689,22.90399933,
-101983.7278,-0.2199999988,-101975.2883,22.93000031,
-101983.7278,-0.2199999988,-101975.1077,22.93000031,
-101983.5684,-0.2199999988,-101974.9489,22.88299942,
-101983.5684,-0.2199999988,-101974.7671,22.93000031,
-101983.3862,-0.2399999946,-101974.6089,22.9090004,
-101983.3862,-0.2399999946,-101974.4284,22.93499947,
-101983.2086,-0.2199999988,-101974.2476,22.92499924,
-101983.2086,-0.2199999988,-101974.186,22.87800026,
-101983.0462,-0.2199999988,-101969.1276,22.93000031,
-101983.0462,-0.2199999988,-101964.0644,22.93499947,
-101982.8676,-0.2399999946,-101959.0071,22.93499947,
-101982.8676,-0.2399999946,-101953.9461,22.93000031,
-101982.6885,-0.2199999988,-101948.8877,22.93499947,
-101982.6885,-0.2199999988,-101943.8277,22.93499947,
-101982.5277,-0.2199999988,-101938.7676,22.93000031,
-101982.5277,-0.2199999988,-101933.7068,22.90399933,
-101982.3474,-0.2199999988,-101927.1663,22.89900017,
-101982.3474,-0.2199999988,-101926.9887,22.9090004,
-101982.1879,-0.2199999988,-101926.8084,22.90399933,
-101982.1879,-0.2199999988,-101926.6475,22.85700035,
-101982.0061,-0.2300000042,-101926.4673,22.9090004,
-101982.0061,-0.2300000042,-101926.3078,22.88299942,
-101981.8277,-0.2199999988,-101926.1276,22.90399933,
-101981.8277,-0.2199999988,-101925.9485,22.91900063,
-101981.6682,-0.2300000042,-101925.7877,22.86199951,
-101981.6682,-0.2300000042,-101925.609,22.9090004,
-101981.4877,-0.2300000042,-101925.4464,22.86700058,
-101981.4877,-0.2300000042,-101925.2676,22.91399956,
-101981.3285,-0.2300000042,-101925.0873,22.9090004,
-101981.3285,-0.2300000042,-101924.9277,22.87299919,
-101981.1481,-0.2199999988,-101924.7485,22.91399956,
-101981.1481,-0.2199999988,-101924.5863,22.88299942,
-101980.9678,-0.2399999946,-101924.4076,22.90399933,
-101980.9678,-0.2399999946,-101924.2283,22.9090004,
-101980.8085,-0.2300000042,-101924.0685,22.89900017,
-101980.8085,-0.2300000042,-101923.8884,22.9090004,
-101980.6282,-0.2300000042,-101923.7078,22.91399956,
-101980.6282,-0.2300000042,-101923.5485,22.8409996,
-101980.4479,-0.2399999946,-101923.3678,22.9090004,
-101980.4479,-0.2399999946,-101923.2086,22.86199951,
-101980.2891,-0.2399999946,-101923.0282,22.91399956,
-101980.2891,-0.2399999946,-101922.846,22.9090004,
-101980.1056,-0.2199999988,-101922.6883,22.83600044,
-101980.1056,-0.2199999988,-101922.5081,22.9090004,
-101979.9469,-0.2300000042,-101922.3276,22.90399933,
-101979.9469,-0.2300000042,-101922.1684,22.86700058,
-101979.7669,-0.2300000042,-101921.9877,22.9090004,
-101979.7669,-0.2300000042,-101921.8282,22.87299919,
-101979.5879,-0.2300000042,-101921.6485,22.9090004,
-101979.5879,-0.2300000042,-101921.4683,22.9090004,
-101979.4285,-0.2300000042,-101921.3056,22.87299919,
-101979.4285,-0.2300000042,-101921.1286,22.9090004,
-101979.2485,-0.2399999946,-101920.9691,22.87299919,
-101979.2485,-0.2399999946,-101920.7876,22.90399933,
-101979.0892,-0.2300000042,-101920.6086,22.91399956,
-101979.0892,-0.2300000042,-101920.4477,22.87800026,
-101978.907,-0.2399999946,-101920.2676,22.90399933,
-101978.907,-0.2399999946,-101920.0875,22.88299942,
-101978.7285,-0.2399999946,-101919.9277,22.85199928,
-101978.7285,-0.2399999946,-101919.7476,22.9090004,
-101978.5676,-0.2300000042,-101919.588,22.89900017,
-101978.5676,-0.2300000042,-101919.4077,22.9090004,
-101978.3873,-0.2199999988,-101919.2275,22.9090004,
-101978.3873,-0.2199999988,-101919.0662,22.85199928,
-101978.208,-0.2300000042,-101918.8876,22.91399956,
-101978.208,-0.2300000042,-101918.7284,22.87800026,
-101978.0477,-0.2300000042,-101918.548,22.9090004,
-101978.0477,-0.2300000042,-101918.3678,22.9090004,
-101977.8673,-0.2300000042,-101918.2082,22.86700058,
-101977.8673,-0.2300000042,-101918.028,22.90399933,
-101977.7064,-0.2300000042,-101917.8669,22.85700035,
-101977.7064,-0.2300000042,-101917.688,22.9090004,
-101977.5276,-0.2399999946,-101917.5077,22.9090004,
-101977.5276,-0.2399999946,-101917.3484,22.87800026,
-101977.3476,-0.2399999946,-101917.1678,22.91399956,
-101977.3476,-0.2399999946,-101916.9883,22.89900017,
-101977.1878,-0.2199999988,-101916.8272,22.85199928,
-101977.1878,-0.2199999988,-101916.6487,22.89900017,
-101977.0076,-0.2300000042,-101916.4877,22.90399933,
-101977.0076,-0.2300000042,-101916.3078,22.9090004,
-101976.848,-0.2399999946,-101916.1289,22.91399956,
-101976.848,-0.2399999946,-101915.9679,22.86700058,
-101976.6677,-0.2399999946,-101915.7879,22.91399956,
-101976.6677,-0.2399999946,-101915.6268,22.87299919,
-101976.4878,-0.2300000042,-101915.448,22.9090004,
-101976.4878,-0.2300000042,-101915.2678,22.9090004,
-101976.3282,-0.09000000358,-101915.1066,22.86199951,
-101976.3282,-0.09000000358,-101914.9279,22.91399956,
-101976.148,-0.2199999988,-101914.7685,22.86199951,
-101976.148,-0.2199999988,-101914.5882,22.9090004,
-101975.9889,0,-101914.4079,22.9090004,
-101975.9889,0,-101914.2483,22.88800049,
-101975.8082,-0.009999999776,-101914.0683,22.9090004,
-101975.8082,-0.009999999776,-101913.8879,22.90399933,
-101975.6278,-0.009999999776,-101913.7285,22.86199951,
-101975.6278,-0.009999999776,-101913.5482,22.9090004,
-101975.4689,0,-101913.3885,22.88299942,
-101975.4689,0,-101913.2085,22.9090004,
-101975.2883,-0.009999999776,-101913.0283,22.9090004,
-101975.2883,-0.009999999776,-101912.8685,22.86700058,
-101975.1077,0,-101912.6886,22.91399956,
-101975.1077,0,-101912.5276,22.86700058,
-101974.9489,0,-101912.3473,22.9090004,
-101974.9489,0,-101912.1687,22.91399956,
-101974.7671,0,-101912.0077,22.89900017,
-101974.7671,0,-101911.8285,22.90399933,
-101974.6089,0.009999999776,-101911.6489,22.89299965,
-101974.6089,0.009999999776,-101911.4875,22.85199928,
-101974.4284,0,-101911.3068,22.9090004,
-101974.4284,0,-101911.1478,22.86199951,
-101974.2476,0.009999999776,-101910.9676,22.90399933,
-101974.2476,0.009999999776,-101910.7878,22.9090004,
-101974.186,0.009999999776,-101910.6282,22.85700035,
-101974.186,0.009999999776,-101910.4477,22.9090004,
-101969.1276,0,-101910.2881,22.86700058,
-101969.1276,0,-101910.1063,22.90399933,
-101964.0644,0.009999999776,-101909.9278,22.91399956,
-101964.0644,0.009999999776,-101909.7684,22.86700058,
-101959.0071,0.009999999776,-101909.5877,22.9090004,
-101959.0071,0.009999999776,-101909.4285,22.86199951,
-101953.9461,0,-101909.2467,22.91399956,
-101953.9461,0,-101909.0682,22.90399933,
-101948.8877,0.009999999776,-101908.9086,22.89900017,
-101948.8877,0.009999999776,-101908.728,22.91399956,
-101943.8277,0,-101908.5476,22.90399933,
-101943.8277,0,-101908.3882,22.86199951,
-101938.7676,0,-101908.2076,22.9090004,
-101938.7676,0,-101908.0469,22.86199951,
-101933.7068,0.009999999776,-101907.8679,22.91399956,
-101933.7068,0.009999999776,-101907.6879,22.91399956,
-101928.5485,-0.2300000042,-101907.5283,22.87299919,
-101928.3687,-0.2399999946,-101907.3478,22.90399933,
-101928.1885,-0.2199999988,-101907.1868,22.86199951,
-101928.0285,-0.2300000042,-101907.0077,22.9090004,
-101927.8484,-0.2300000042,-101906.8265,22.91399956,
-101927.6876,-0.2300000042,-101906.6686,22.86700058,
-101927.5073,-0.2199999988,-101906.4882,22.91399956,
-101927.3286,-0.2199999988,-101906.3068,22.89900017,
-101927.1663,-0.2399999946,-101906.1469,22.85700035,
-101927.1663,-0.2399999946,-101905.9683,22.9090004,
-101926.9887,-0.2300000042,-101905.8085,22.87800026,
-101926.9887,-0.2300000042,-101905.6286,22.90399933,
-101926.8084,-0.2399999946,-101905.4481,22.89900017,
-101926.8084,-0.2399999946,-101905.2873,22.87800026,
-101926.6475,-0.2300000042,-101905.1085,22.91399956,
-101926.6475,-0.2300000042,-101904.9492,22.87800026,
-101926.4673,-0.2399999946,-101904.7686,22.9090004,
-101926.4673,-0.2399999946,-101904.588,22.9090004,
-101926.3078,-0.2199999988,-101904.4273,22.87800026,
-101926.3078,-0.2199999988,-101904.2472,22.91399956,
-101926.1276,-0.2199999988,-101904.0685,22.89900017,
-101926.1276,-0.2199999988,-101903.9086,22.85700035,
-101925.9485,-0.2399999946,-101903.7282,22.91399956,
-101925.9485,-0.2399999946,-101903.5672,22.88800049,
-101925.7877,-0.2199999988,-101903.3874,22.91900063,
-101925.7877,-0.2199999988,-101903.2074,22.92499924,
-101925.609,-0.2300000042,-101903.0478,22.87800026,
-101925.609,-0.2300000042,-101902.8677,22.93000031,
-101925.4464,-0.2199999988,-101902.7468,22.88800049,
-101925.4464,-0.2199999988,-101897.6879,22.92499924,
-101925.2676,-0.2199999988,-101892.6267,22.93000031,
-101925.2676,-0.2199999988,-101887.5672,22.93000031,
-101925.0873,-0.2199999988, , ,
-101925.0873,-0.2199999988, , ,
-101924.9277,-0.25, , ,
-101924.9277,-0.25, , ,
-101924.7485,-0.2300000042, , ,
-101924.7485,-0.2300000042, , ,
-101924.5863,-0.25, , ,
-101924.5863,-0.25, , ,
-101924.4076,-0.2399999946, , ,
-101924.4076,-0.2399999946, , ,
-101924.2283,-0.2300000042, , ,
-101924.2283,-0.2300000042, , ,
-101924.0685,-0.2399999946, , ,
-101924.0685,-0.2399999946, , ,
-101923.8884,-0.25, , ,
-101923.8884,-0.25, , ,
-101923.7078,-0.2199999988, , ,
-101923.7078,-0.2199999988, , ,
-101923.5485,-0.2199999988, , ,
-101923.5485,-0.2199999988, , ,
-101923.3678,-0.2300000042, , ,
-101923.3678,-0.2300000042, , ,
-101923.2086,-0.2199999988, , ,
-101923.2086,-0.2199999988, , ,
-101923.0282,-0.2300000042, , ,
-101923.0282,-0.2300000042, , ,
-101922.846,-0.2399999946, , ,
-101922.846,-0.2399999946, , ,
-101922.6883,-0.2399999946, , ,
-101922.6883,-0.2399999946, , ,
-101922.5081,-0.2399999946, , ,
-101922.5081,-0.2399999946, , ,
-101922.3276,-0.2399999946, , ,
-101922.3276,-0.2399999946, , ,
-101922.1684,-0.2300000042, , ,
-101922.1684,-0.2300000042, , ,
-101921.9877,-0.2199999988, , ,
-101921.9877,-0.2199999988, , ,
-101921.8282,-0.2199999988, , ,
-101921.8282,-0.2199999988, , ,
-101921.6485,-0.25, , ,
-101921.6485,-0.25, , ,
-101921.4683,-0.2199999988, , ,
-101921.4683,-0.2199999988, , ,
-101921.3056,-0.2300000042, , ,
-101921.3056,-0.2300000042, , ,
-101921.1286,-0.2300000042, , ,
-101921.1286,-0.2300000042, , ,
-101920.9691,-0.2199999988, , ,
-101920.9691,-0.2199999988, , ,
-101920.7876,-0.2199999988, , ,
-101920.7876,-0.2199999988, , ,
-101920.6086,-0.2300000042, , ,
-101920.6086,-0.2300000042, , ,
-101920.4477,-0.2300000042, , ,
-101920.4477,-0.2300000042, , ,
-101920.2676,-0.2399999946, , ,
-101920.2676,-0.2399999946, , ,
-101920.0875,-0.2199999988, , ,
-101920.0875,-0.2199999988, , ,
-101919.9277,-0.25, , ,
-101919.9277,-0.25, , ,
-101919.7476,-0.2300000042, , ,
-101919.7476,-0.2300000042, , ,
-101919.588,-0.2399999946, , ,
-101919.588,-0.2399999946, , ,
-101919.4077,-0.2300000042, , ,
-101919.4077,-0.2300000042, , ,
-101919.2275,-0.2399999946, , ,
-101919.2275,-0.2399999946, , ,
-101919.0662,-0.2199999988, , ,
-101919.0662,-0.2199999988, , ,
-101918.8876,-0.2399999946, , ,
-101918.8876,-0.2399999946, , ,
-101918.7284,-0.2399999946, , ,
-101918.7284,-0.2399999946, , ,
-101918.548,-0.2300000042, , ,
-101918.548,-0.2300000042, , ,
-101918.3678,-0.2199999988, , ,
-101918.3678,-0.2199999988, , ,
-101918.2082,-0.2300000042, , ,
-101918.2082,-0.2300000042, , ,
-101918.028,-0.25, , ,
-101918.028,-0.25, , ,
-101917.8669,-0.2300000042, , ,
-101917.8669,-0.2300000042, , ,
-101917.688,-0.2199999988, , ,
-101917.688,-0.2199999988, , ,
-101917.5077,-0.2300000042, , ,
-101917.5077,-0.2300000042, , ,
-101917.3484,-0.2399999946, , ,
-101917.3484,-0.2399999946, , ,
-101917.1678,-0.2199999988, , ,
-101917.1678,-0.2199999988, , ,
-101916.9883,-0.2399999946, , ,
-101916.9883,-0.2399999946, , ,
-101916.8272,-0.2399999946, , ,
-101916.8272,-0.2399999946, , ,
-101916.6487,-0.2399999946, , ,
-101916.6487,-0.2399999946, , ,
-101916.4877,-0.2199999988, , ,
-101916.4877,-0.2199999988, , ,
-101916.3078,-0.2199999988, , ,
-101916.3078,-0.2199999988, , ,
-101916.1289,-0.2300000042, , ,
-101916.1289,-0.2300000042, , ,
-101915.9679,-0.2300000042, , ,
-101915.9679,-0.2300000042, , ,
-101915.7879,-0.2300000042, , ,
-101915.7879,-0.2300000042, , ,
-101915.6268,-0.2399999946, , ,
-101915.6268,-0.2399999946, , ,
-101915.448,-0.2199999988, , ,
-101915.448,-0.2199999988, , ,
-101915.2678,-0.2199999988, , ,
-101915.2678,-0.2199999988, , ,
-101915.1066,-0.2300000042, , ,
-101915.1066,-0.2300000042, , ,
-101914.9279,-0.2199999988, , ,
-101914.9279,-0.2199999988, , ,
-101914.7685,-0.2300000042, , ,
-101914.7685,-0.2300000042, , ,
-101914.5882,-0.2199999988, , ,
-101914.5882,-0.2199999988, , ,
-101914.4079,-0.2199999988, , ,
-101914.4079,-0.2199999988, , ,
-101914.2483,-0.2300000042, , ,
-101914.2483,-0.2300000042, , ,
-101914.0683,-0.2399999946, , ,
-101914.0683,-0.2399999946, , ,
-101913.8879,-0.2300000042, , ,
-101913.8879,-0.2300000042, , ,
-101913.7285,-0.2199999988, , ,
-101913.7285,-0.2199999988, , ,
-101913.5482,-0.2300000042, , ,
-101913.5482,-0.2300000042, , ,
-101913.3885,-0.2300000042, , ,
-101913.3885,-0.2300000042, , ,
-101913.2085,-0.2199999988, , ,
-101913.2085,-0.2199999988, , ,
-101913.0283,-0.2399999946, , ,
-101913.0283,-0.2399999946, , ,
-101912.8685,-0.2199999988, , ,
-101912.8685,-0.2199999988, , ,
-101912.6886,-0.2199999988, , ,
-101912.6886,-0.2199999988, , ,
-101912.5276,-0.2300000042, , ,
-101912.5276,-0.2300000042, , ,
-101912.3473,-0.2300000042, , ,
-101912.3473,-0.2300000042, , ,
-101912.1687,-0.2199999988, , ,
-101912.1687,-0.2199999988, , ,
-101912.0077,-0.2300000042, , ,
-101912.0077,-0.2300000042, , ,
-101911.8285,-0.25, , ,
-101911.8285,-0.25, , ,
-101911.6489,-0.2300000042, , ,
-101911.6489,-0.2300000042, , ,
-101911.4875,-0.2199999988, , ,
-101911.4875,-0.2199999988, , ,
-101911.3068,-0.2300000042, , ,
-101911.3068,-0.2300000042, , ,
-101911.1478,-0.2199999988, , ,
-101911.1478,-0.2199999988, , ,
-101910.9676,-0.2300000042, , ,
-101910.9676,-0.2300000042, , ,
-101910.7878,-0.2399999946, , ,
-101910.7878,-0.2399999946, , ,
-101910.6282,-0.2399999946, , ,
-101910.6282,-0.2399999946, , ,
-101910.4477,-0.2399999946, , ,
-101910.4477,-0.2399999946, , ,
-101910.2881,-0.2300000042, , ,
-101910.2881,-0.2300000042, , ,
-101910.1063,-0.2399999946, , ,
-101910.1063,-0.2399999946, , ,
-101909.9278,-0.2399999946, , ,
-101909.9278,-0.2399999946, , ,
-101909.7684,-0.2199999988, , ,
-101909.7684,-0.2199999988, , ,
-101909.5877,-0.2300000042, , ,
-101909.5877,-0.2300000042, , ,
-101909.4285,-0.2199999988, , ,
-101909.4285,-0.2199999988, , ,
-101909.2467,-0.2300000042, , ,
-101909.2467,-0.2300000042, , ,
-101909.0682,-0.2199999988, , ,
-101909.0682,-0.2199999988, , ,
-101908.9086,-0.2300000042, , ,
-101908.9086,-0.2300000042, , ,
-101908.728,-0.2300000042, , ,
-101908.728,-0.2300000042, , ,
-101908.5476,-0.2399999946, , ,
-101908.5476,-0.2399999946, , ,
-101908.3882,-0.2300000042, , ,
-101908.3882,-0.2300000042, , ,
-101908.2076,-0.2300000042, , ,
-101908.2076,-0.2300000042, , ,
-101908.0469,-0.2399999946, , ,
-101908.0469,-0.2399999946, , ,
-101907.8679,-0.2300000042, , ,
-101907.8679,-0.2300000042, , ,
-101907.6879,-0.2300000042, , ,
-101907.6879,-0.2300000042, , ,
-101907.5283,-0.2199999988, , ,
-101907.5283,-0.2199999988, , ,
-101907.3478,-0.2199999988, , ,
-101907.3478,-0.2199999988, , ,
-101907.1868,-0.2399999946, , ,
-101907.1868,-0.2399999946, , ,
-101907.0077,-0.2300000042, , ,
-101907.0077,-0.2300000042, , ,
-101906.8265,-0.2399999946, , ,
-101906.8265,-0.2399999946, , ,
-101906.6686,-0.2199999988, , ,
-101906.6686,-0.2199999988, , ,
-101906.4882,-0.2399999946, , ,
-101906.4882,-0.2399999946, , ,
-101906.3068,-0.2300000042, , ,
-101906.3068,-0.2300000042, , ,
-101906.1469,-0.2300000042, , ,
-101906.1469,-0.2300000042, , ,
-101905.9683,-0.25, , ,
-101905.9683,-0.25, , ,
-101905.8085,-0.2199999988, , ,
-101905.8085,-0.2199999988, , ,
-101905.6286,-0.2300000042, , ,
-101905.6286,-0.2300000042, , ,
-101905.4481,-0.2300000042, , ,
-101905.4481,-0.2300000042, , ,
-101905.2873,-0.2399999946, , ,
-101905.2873,-0.2399999946, , ,
-101905.1085,-0.2300000042, , ,
-101905.1085,-0.2300000042, , ,
-101904.9492,-0.2399999946, , ,
-101904.9492,-0.2399999946, , ,
-101904.7686,-0.25, , ,
-101904.7686,-0.25, , ,
-101904.588,-0.2399999946, , ,
-101904.588,-0.2399999946, , ,
-101904.4273,-0.2399999946, , ,
-101904.4273,-0.2399999946, , ,
-101904.2472,-0.25, , ,
-101904.2472,-0.25, , ,
-101904.0685,-0.2399999946, , ,
-101904.0685,-0.2399999946, , ,
-101903.9086,-0.25, , ,
-101903.9086,-0.25, , ,
-101903.7282,-0.2300000042, , ,
-101903.7282,-0.2300000042, , ,
-101903.5672,-0.2399999946, , ,
-101903.5672,-0.2399999946, , ,
-101903.3874,-0.009999999776, , ,
-101903.3874,-0.009999999776, , ,
-101903.2074,-0.009999999776, , ,
-101903.2074,-0.009999999776, , ,
-101903.0478,-0.009999999776, , ,
-101903.0478,-0.009999999776, , ,
-101902.8677,-0.009999999776, , ,
-101902.8677,-0.009999999776, , ,
-101902.7468,0, , ,
-101902.7468,0, , ,
-101897.6879,0.009999999776, , ,
-101897.6879,0.009999999776, , ,
-101892.6267,0.009999999776, , ,
-101892.6267,0.009999999776, , ,
-101887.5672,0.009999999776, , ,
-101887.5672,0.009999999776, , ,
